SOURCE_FILE,INGESTED_AT,MODEL_YEAR,NHTSA_MODEL,UK_MODEL,VEHICLE_ID,VEHICLE_DESCRIPTION,OVERALL_RATING,OVERALL_FRONT_CRASH_RATING,FRONT_CRASH_DRIVER_RATING,FRONT_CRASH_PASSENGER_RATING,OVERALL_SIDE_CRASH_RATING,SIDE_CRASH_DRIVER_RATING,SIDE_CRASH_PASSENGER_RATING,ROLLOVER_RATING,ROLLOVER_POSSIBILITY,SIDE_POLE_CRASH_RATING,ELECTRONIC_STABILITY_CONTROL,FORWARD_COLLISION_WARNING,LANE_DEPARTURE_WARNING,COMPLAINTS_COUNT,RECALLS_COUNT,INVESTIGATION_COUNT,NHTSA_MODEL_YEAR,NHTSA_MAKE,NHTSA_MODEL_FROM_RATING
nhtsa_safety_2003.json,2026-08-28 16:05:12.636,2003,SL-CLASS," SL CLASS",4714,2003 Mercedes-Benz SL-Class Convertible w/SAB,Not Rated,Not Rated,Not Rated,Not Rated,Not Rated,Not Rated,Not Rated,Not Rated,0,Not Rated,Standard,No,No,114,4,1,2003,MERCEDES-BENZ,SL-CLASS
nhtsa_safety_2003.json,2026-08-28 16:05:12.636,2003,SLK," SLK",4715,2003 Mercedes-Benz SLK w/SAB,Not Rated,Not Rated,Not Rated,Not Rated,Not Rated,Not Rated,Not Rated,Not Rated,0,Not Rated,Standard,No,No,15,1,1,2003,MERCEDES-BENZ,SLK
nhtsa_safety_2005.json,2026-08-28 16:05:12.636,2005,C-CLASS," C Class",1484,2005 Mercedes-Benz C-Class 4-DR. w/SAB,Not Rated,Not Rated,4,4,Not Rated,5,5,Not Rated,0,Not Rated,Standard,No,No,140,6,1,2005,MERCEDES-BENZ,C-CLASS
nhtsa_safety_2005.json,2026-08-28 16:05:12.636,2005,C-CLASS," C Class",1407,2005 Mercedes-Benz C-Class 2-DR w/SAB,Not Rated,Not Rated,Not Rated,Not Rated,Not Rated,Not Rated,Not Rated,Not Rated,0,Not Rated,Standard,No,No,140,6,1,2005,MERCEDES-BENZ,C-CLASS
nhtsa_safety_2005.json,2026-08-28 16:05:12.636,2005,E-CLASS," E Class",1485,2005 Mercedes-Benz E-Class 4-DR. w/SAB,Not Rated,Not Rated,4,4,Not Rated,5,5,Not Rated,0,Not Rated,Standard,No,No,532,6,3,2005,MERCEDES-BENZ,E-CLASS
nhtsa_safety_2005.json,2026-08-28 16:05:12.636,2005,S-CLASS," S Class",1415,2005 Mercedes-Benz S-Class 4-DR,Not Rated,Not Rated,Not Rated,Not Rated,Not Rated,Not Rated,Not Rated,Not Rated,0,Not Rated,Standard,No,No,26,1,0,2005,MERCEDES-BENZ,S-CLASS
nhtsa_safety_2005.json,2026-08-28 16:05:12.636,2005,SL-CLASS," SL CLASS",1416,2005 Mercedes-Benz SL-Class C-DR,Not Rated,Not Rated,Not Rated,Not Rated,Not Rated,Not Rated,Not Rated,Not Rated,0,Not Rated,Standard,No,No,29,2,0,2005,MERCEDES-BENZ,SL-CLASS
nhtsa_safety_2014.json,2026-08-28 16:05:12.636,2014,C-CLASS," C Class",8618,2014 Mercedes-Benz C-CLASS 2 DR 4WD,Not Rated,Not Rated,Not Rated,Not Rated,Not Rated,Not Rated,Not Rated,Not Rated,0,Not Rated,Standard,Optional,No,284,6,1,2014,MERCEDES-BENZ,C-CLASS
nhtsa_safety_2014.json,2026-08-28 16:05:12.636,2014,C-CLASS," C Class",8617,2014 Mercedes-Benz C-CLASS 2 DR RWD,Not Rated,Not Rated,Not Rated,Not Rated,Not Rated,Not Rated,Not Rated,Not Rated,0,Not Rated,Standard,Optional,No,284,6,1,2014,MERCEDES-BENZ,C-CLASS
nhtsa_safety_2014.json,2026-08-28 16:05:12.636,2014,C-CLASS," C Class",8335,2014 Mercedes-Benz C-Class 4 DR AWD,5,4,4,4,5,5,5,4,0.105,5,Standard,Optional,No,284,6,1,2014,MERCEDES-BENZ,C-CLASS
nhtsa_safety_2014.json,2026-08-28 16:05:12.636,2014,C-CLASS," C Class",8334,2014 Mercedes-Benz C-Class 4 DR RWD,5,4,4,4,5,5,5,4,0.105,5,Standard,Optional,No,284,6,1,2014,MERCEDES-BENZ,C-CLASS
nhtsa_safety_2014.json,2026-08-28 16:05:12.636,2014,CL-CLASS," CL Class",8625,2014 Mercedes-Benz CL-CLASS 2 DR 4WD,Not Rated,Not Rated,Not Rated,Not Rated,Not Rated,Not Rated,Not Rated,Not Rated,0,Not Rated,Standard,No,No,0,0,0,2014,MERCEDES-BENZ,CL-CLASS
nhtsa_safety_2014.json,2026-08-28 16:05:12.636,2014,CL-CLASS," CL Class",8624,2014 Mercedes-Benz CL-CLASS 2 DR RWD,Not Rated,Not Rated,Not Rated,Not Rated,Not Rated,Not Rated,Not Rated,Not Rated,0,Not Rated,Standard,No,No,0,0,0,2014,MERCEDES-BENZ,CL-CLASS
nhtsa_safety_2014.json,2026-08-28 16:05:12.636,2014,CLA-CLASS," CLA Class",8614,2014 Mercedes-Benz CLA-CLASS 4 DR 4WD,Not Rated,Not Rated,Not Rated,Not Rated,Not Rated,Not Rated,Not Rated,Not Rated,0,Not Rated,Standard,Standard,Optional,193,6,2,2014,MERCEDES-BENZ,CLA-CLASS
nhtsa_safety_2014.json,2026-08-28 16:05:12.636,2014,CLA-CLASS," CLA Class",8613,2014 Mercedes-Benz CLA-CLASS 4 DR FWD,Not Rated,Not Rated,Not Rated,Not Rated,Not Rated,Not Rated,Not Rated,Not Rated,0,Not Rated,Standard,Standard,Optional,193,6,2,2014,MERCEDES-BENZ,CLA-CLASS
nhtsa_safety_2014.json,2026-08-28 16:05:12.636,2014,CLS-CLASS," CLS Class",8620,2014 Mercedes-Benz CLS-CLASS 2 DR 4WD,Not Rated,Not Rated,Not Rated,Not Rated,Not Rated,Not Rated,Not Rated,Not Rated,0,Not Rated,Standard,No,No,11,4,1,2014,MERCEDES-BENZ,CLS-CLASS
nhtsa_safety_2014.json,2026-08-28 16:05:12.636,2014,CLS-CLASS," CLS Class",8619,2014 Mercedes-Benz CLS-CLASS 2 DR RWD,Not Rated,Not Rated,Not Rated,Not Rated,Not Rated,Not Rated,Not Rated,Not Rated,0,Not Rated,Standard,No,No,11,4,1,2014,MERCEDES-BENZ,CLS-CLASS
nhtsa_safety_2014.json,2026-08-28 16:05:12.636,2014,E-CLASS," E Class",8634,2014 Mercedes-Benz E-CLASS SW 4WD,4,4,4,4,5,5,5,5,0.099,3,Standard,Standard,Optional,303,9,2,2014,MERCEDES-BENZ,E-CLASS
nhtsa_safety_2014.json,2026-08-28 16:05:12.636,2014,E-CLASS," E Class",8633,2014 Mercedes-Benz E-CLASS SW RWD,4,4,4,4,5,5,5,5,0.099,3,Standard,Standard,Optional,303,9,2,2014,MERCEDES-BENZ,E-CLASS
nhtsa_safety_2014.json,2026-08-28 16:05:12.636,2014,E-CLASS," E Class",8628,2014 Mercedes-Benz E-CLASS 2 DR 4WD,Not Rated,Not Rated,Not Rated,Not Rated,Not Rated,Not Rated,Not Rated,Not Rated,0,Not Rated,Standard,Standard,Optional,303,9,2,2014,MERCEDES-BENZ,E-CLASS
nhtsa_safety_2014.json,2026-08-28 16:05:12.636,2014,E-CLASS," E Class",8627,2014 Mercedes-Benz E-CLASS 2 DR RWD,Not Rated,Not Rated,Not Rated,Not Rated,Not Rated,Not Rated,Not Rated,Not Rated,0,Not Rated,Standard,Standard,Optional,303,9,2,2014,MERCEDES-BENZ,E-CLASS
nhtsa_safety_2014.json,2026-08-28 16:05:12.636,2014,E-CLASS," E Class",8337,2014 Mercedes-Benz E-Class 4 DR AWD,4,4,4,4,5,5,5,5,0.099,3,Standard,Standard,Optional,303,9,2,2014,MERCEDES-BENZ,E-CLASS
nhtsa_safety_2014.json,2026-08-28 16:05:12.636,2014,E-CLASS," E Class",8336,2014 Mercedes-Benz E-Class 4 DR RWD,4,4,4,4,5,5,5,5,0.099,3,Standard,Standard,Optional,303,9,2,2014,MERCEDES-BENZ,E-CLASS
nhtsa_safety_2014.json,2026-08-28 16:05:12.636,2014,GL-CLASS," GL Class",8641,2014 Mercedes-Benz GL-CLASS SUV 4WD,Not Rated,Not Rated,Not Rated,Not Rated,Not Rated,Not Rated,Not Rated,Not Rated,0,Not Rated,Standard,Standard,No,39,3,0,2014,MERCEDES-BENZ,GL-CLASS
nhtsa_safety_2014.json,2026-08-28 16:05:12.636,2014,S-CLASS," S Class",8622,2014 Mercedes-Benz S-CLASS 4 DR 4WD,Not Rated,Not Rated,Not Rated,Not Rated,Not Rated,Not Rated,Not Rated,Not Rated,0,Not Rated,Standard,Standard,Optional,25,6,1,2014,MERCEDES-BENZ,S-CLASS
nhtsa_safety_2014.json,2026-08-28 16:05:12.636,2014,S-CLASS," S Class",8621,2014 Mercedes-Benz S-CLASS 4 DR RWD,Not Rated,Not Rated,Not Rated,Not Rated,Not Rated,Not Rated,Not Rated,Not Rated,0,Not Rated,Standard,Standard,Optional,25,6,1,2014,MERCEDES-BENZ,S-CLASS
nhtsa_safety_2014.json,2026-08-28 16:05:12.636,2014,SL-CLASS," SL CLASS",8626,2014 Mercedes-Benz SL-CLASS C RWD,Not Rated,Not Rated,Not Rated,Not Rated,Not Rated,Not Rated,Not Rated,Not Rated,0,Not Rated,Standard,No,No,4,4,1,2014,MERCEDES-BENZ,SL-CLASS
nhtsa_safety_2002.json,2026-08-28 16:05:12.636,2002,C-CLASS," C Class",4416,2002 Mercedes-Benz C-Class w/SAB,Not Rated,Not Rated,Not Rated,Not Rated,Not Rated,Not Rated,Not Rated,Not Rated,0,Not Rated,Standard,No,No,190,3,0,2002,MERCEDES-BENZ,C-CLASS
nhtsa_safety_2002.json,2026-08-28 16:05:12.636,2002,S-CLASS," S Class",4410,2002 Mercedes-Benz S-Class 4DR. w/SAB,Not Rated,Not Rated,Not Rated,Not Rated,Not Rated,Not Rated,Not Rated,Not Rated,0,Not Rated,Standard,No,No,133,4,1,2002,MERCEDES-BENZ,S-CLASS
nhtsa_safety_2002.json,2026-08-28 16:05:12.636,2002,SL-CLASS," SL CLASS",4642,2002 Mercedes-Benz SL-Class Convertible w/SAB,Not Rated,Not Rated,Not Rated,Not Rated,Not Rated,Not Rated,Not Rated,Not Rated,0,Not Rated,Standard,No,No,13,0,1,2002,MERCEDES-BENZ,SL-CLASS
nhtsa_safety_2002.json,2026-08-28 16:05:12.636,2002,SLK," SLK",4417,2002 Mercedes-Benz SLK w/SAB,Not Rated,Not Rated,Not Rated,Not Rated,Not Rated,Not Rated,Not Rated,Not Rated,0,Not Rated,Standard,No,No,53,2,1,2002,MERCEDES-BENZ,SLK
nhtsa_safety_2011.json,2026-08-28 16:05:12.636,2011,C-CLASS," C Class",705,2011 Mercedes-Benz C-Class 4 DR AWD,4,3,4,2,5,5,4,4,0.105,4,Standard,No,No,516,6,2,2011,MERCEDES-BENZ,C-CLASS
nhtsa_safety_2011.json,2026-08-28 16:05:12.636,2011,C-CLASS," C Class",119,2011 Mercedes-Benz C-Class 4 DR RWD,4,3,4,2,5,5,4,4,0.105,4,Standard,No,No,516,6,2,2011,MERCEDES-BENZ,C-CLASS
nhtsa_safety_2011.json,2026-08-28 16:05:12.636,2011,CLS-CLASS," CLS Class",121,2011 Mercedes-Benz CLS-Class 4 DR RWD,Not Rated,Not Rated,Not Rated,Not Rated,Not Rated,Not Rated,Not Rated,Not Rated,0,Not Rated,Standard,No,No,7,3,1,2011,MERCEDES-BENZ,CLS-CLASS
nhtsa_safety_2011.json,2026-08-28 16:05:12.636,2011,E-CLASS," E Class",525,2011 Mercedes-Benz E-Class 4 DR AWD,Not Rated,Not Rated,Not Rated,Not Rated,Not Rated,Not Rated,Not Rated,5,0.099,Not Rated,Standard,No,No,296,9,2,2011,MERCEDES-BENZ,E-CLASS
nhtsa_safety_2011.json,2026-08-28 16:05:12.636,2011,E-CLASS," E Class",524,2011 Mercedes-Benz E-Class 2 DR AWD,Not Rated,Not Rated,Not Rated,Not Rated,Not Rated,Not Rated,Not Rated,Not Rated,0,Not Rated,Standard,No,No,296,9,2,2011,MERCEDES-BENZ,E-CLASS
nhtsa_safety_2011.json,2026-08-28 16:05:12.636,2011,E-CLASS," E Class",124,2011 Mercedes-Benz E-Class 4 DR RWD,Not Rated,Not Rated,Not Rated,Not Rated,Not Rated,Not Rated,Not Rated,5,0.099,Not Rated,Standard,No,No,296,9,2,2011,MERCEDES-BENZ,E-CLASS
nhtsa_safety_2011.json,2026-08-28 16:05:12.636,2011,E-CLASS," E Class",123,2011 Mercedes-Benz E-Class 2 DR RWD,Not Rated,Not Rated,Not Rated,Not Rated,Not Rated,Not Rated,Not Rated,Not Rated,0,Not Rated,Standard,No,No,296,9,2,2011,MERCEDES-BENZ,E-CLASS
nhtsa_safety_2011.json,2026-08-28 16:05:12.636,2011,R-CLASS," R Class",529,2011 Mercedes-Benz R-Class SUV AWD,Not Rated,Not Rated,Not Rated,Not Rated,Not Rated,Not Rated,Not Rated,Not Rated,0,Not Rated,Standard,No,No,18,5,1,2011,MERCEDES-BENZ,R-CLASS
nhtsa_safety_2011.json,2026-08-28 16:05:12.636,2011,R-CLASS," R Class",129,2011 Mercedes-Benz R-Class SUV RWD,Not Rated,Not Rated,Not Rated,Not Rated,Not Rated,Not Rated,Not Rated,Not Rated,0,Not Rated,Standard,No,No,18,5,1,2011,MERCEDES-BENZ,R-CLASS
nhtsa_safety_2011.json,2026-08-28 16:05:12.636,2011,S-CLASS," S Class",130,2011 Mercedes-Benz S-Class 4 DR RWD,Not Rated,Not Rated,Not Rated,Not Rated,Not Rated,Not Rated,Not Rated,Not Rated,0,Not Rated,Standard,No,No,19,2,0,2011,MERCEDES-BENZ,S-CLASS
nhtsa_safety_2011.json,2026-08-28 16:05:12.636,2011,SL-CLASS," SL CLASS",530,2011 Mercedes-Benz Sl-Class C AWD,Not Rated,Not Rated,Not Rated,Not Rated,Not Rated,Not Rated,Not Rated,Not Rated,0,Not Rated,Standard,No,No,3,0,0,2011,MERCEDES-BENZ,SL-CLASS
nhtsa_safety_2011.json,2026-08-28 16:05:12.636,2011,SL-CLASS," SL CLASS",131,2011 Mercedes-Benz Sl-Class C RWD,Not Rated,Not Rated,Not Rated,Not Rated,Not Rated,Not Rated,Not Rated,Not Rated,0,Not Rated,Standard,No,No,3,0,0,2011,MERCEDES-BENZ,SL-CLASS
nhtsa_safety_2016.json,2026-08-28 16:05:12.636,2016,C-CLASS," C Class",10775,2016 Mercedes-Benz C-Class 4 DR RWD,5,4,5,4,5,5,5,4,0.11,5,Standard,Optional,Optional,315,14,3,2016,MERCEDES-BENZ,C-CLASS
nhtsa_safety_2016.json,2026-08-28 16:05:12.636,2016,C-CLASS," C Class",10774,2016 Mercedes-Benz C-Class 4 DR 4WD,5,4,5,4,5,5,5,4,0.11,5,Standard,Optional,Optional,315,14,3,2016,MERCEDES-BENZ,C-CLASS
nhtsa_safety_2016.json,2026-08-28 16:05:12.636,2016,CLA-CLASS," CLA Class",10733,2016 Mercedes-Benz Cla-Class 4 DR 4WD,Not Rated,Not Rated,Not Rated,Not Rated,Not Rated,Not Rated,Not Rated,Not Rated,0,Not Rated,Standard,Optional,Optional,66,9,2,2016,MERCEDES-BENZ,CLA-CLASS
nhtsa_safety_2016.json,2026-08-28 16:05:12.636,2016,CLS-CLASS," CLS Class",10780,2016 Mercedes-Benz Cls-Class 4 DR RWD,Not Rated,Not Rated,Not Rated,Not Rated,Not Rated,Not Rated,Not Rated,Not Rated,0,Not Rated,Standard,Optional,Optional,0,1,1,2016,MERCEDES-BENZ,CLS-CLASS
nhtsa_safety_2016.json,2026-08-28 16:05:12.636,2016,CLS-CLASS," CLS Class",10779,2016 Mercedes-Benz Cls-Class 4 DR 4WD,Not Rated,Not Rated,Not Rated,Not Rated,Not Rated,Not Rated,Not Rated,Not Rated,0,Not Rated,Standard,Optional,Optional,0,1,1,2016,MERCEDES-BENZ,CLS-CLASS
nhtsa_safety_2016.json,2026-08-28 16:05:12.636,2016,E-CLASS," E Class",10782,2016 Mercedes-Benz E-Class 2 DR 4WD,Not Rated,Not Rated,Not Rated,Not Rated,Not Rated,Not Rated,Not Rated,Not Rated,0,Not Rated,Standard,Optional,Optional,89,9,1,2016,MERCEDES-BENZ,E-CLASS
nhtsa_safety_2016.json,2026-08-28 16:05:12.636,2016,E-CLASS," E Class",10781,2016 Mercedes-Benz E-Class 2 DR RWD,Not Rated,Not Rated,Not Rated,Not Rated,Not Rated,Not Rated,Not Rated,Not Rated,0,Not Rated,Standard,Optional,Optional,89,9,1,2016,MERCEDES-BENZ,E-CLASS
nhtsa_safety_2016.json,2026-08-28 16:05:12.636,2016,E-CLASS," E Class",10210,2016 Mercedes-Benz E-CLASS SW RWD,4,4,4,4,5,5,5,5,0.099,3,Standard,Optional,Optional,89,9,1,2016,MERCEDES-BENZ,E-CLASS
nhtsa_safety_2016.json,2026-08-28 16:05:12.636,2016,E-CLASS," E Class",10209,2016 Mercedes-Benz E-CLASS SW 4WD,4,4,4,4,5,5,5,5,0.099,3,Standard,Optional,Optional,89,9,1,2016,MERCEDES-BENZ,E-CLASS
nhtsa_safety_2016.json,2026-08-28 16:05:12.636,2016,E-CLASS," E Class",10208,2016 Mercedes-Benz E-Class 4 DR RWD,4,4,4,4,5,5,5,5,0.099,3,Standard,Optional,Optional,89,9,1,2016,MERCEDES-BENZ,E-CLASS
nhtsa_safety_2016.json,2026-08-28 16:05:12.636,2016,E-CLASS," E Class",10207,2016 Mercedes-Benz E-Class 4 DR 4WD,4,4,4,4,5,5,5,5,0.099,3,Standard,Optional,Optional,89,9,1,2016,MERCEDES-BENZ,E-CLASS
nhtsa_safety_2016.json,2026-08-28 16:05:12.636,2016,G-CLASS," G Class",10785,2016 Mercedes-Benz G-Class SUV AWD,Not Rated,Not Rated,Not Rated,Not Rated,Not Rated,Not Rated,Not Rated,Not Rated,0,Not Rated,Standard,No,No,3,4,0,2016,MERCEDES-BENZ,G-CLASS
nhtsa_safety_2016.json,2026-08-28 16:05:12.636,2016,GL-CLASS," GL Class",10793,2016 Mercedes-Benz GL-Class SUV 4WD,Not Rated,Not Rated,Not Rated,Not Rated,Not Rated,Not Rated,Not Rated,Not Rated,0,Not Rated,Standard,Optional,Optional,20,7,0,2016,MERCEDES-BENZ,GL-CLASS
nhtsa_safety_2016.json,2026-08-28 16:05:12.636,2016,GLA-CLASS," GLA Class",10790,2016 Mercedes-Benz GLA-Class 4 DR FWD,Not Rated,Not Rated,Not Rated,Not Rated,Not Rated,Not Rated,Not Rated,Not Rated,0,Not Rated,Standard,Optional,Optional,51,4,2,2016,MERCEDES-BENZ,GLA-CLASS
nhtsa_safety_2016.json,2026-08-28 16:05:12.636,2016,GLA-CLASS," GLA Class",10789,2016 Mercedes-Benz GLA-Class 4 DR 4WD,Not Rated,Not Rated,Not Rated,Not Rated,Not Rated,Not Rated,Not Rated,Not Rated,0,Not Rated,Standard,Optional,Optional,51,4,2,2016,MERCEDES-BENZ,GLA-CLASS
nhtsa_safety_2016.json,2026-08-28 16:05:12.636,2016,GLC-CLASS," GLC Class",10792,2016 Mercedes-Benz GLC-Class 4 DR RWD,Not Rated,Not Rated,Not Rated,Not Rated,Not Rated,Not Rated,Not Rated,Not Rated,0,Not Rated,Standard,Optional,Optional,139,12,2,2016,MERCEDES-BENZ,GLC-CLASS
nhtsa_safety_2016.json,2026-08-28 16:05:12.636,2016,GLC-CLASS," GLC Class",10791,2016 Mercedes-Benz GLC-Class 4 DR 4WD,Not Rated,Not Rated,Not Rated,Not Rated,Not Rated,Not Rated,Not Rated,Not Rated,0,Not Rated,Standard,Optional,Optional,139,12,2,2016,MERCEDES-BENZ,GLC-CLASS
nhtsa_safety_2016.json,2026-08-28 16:05:12.636,2016,GLE-CLASS," GLE Class",10212,2016 Mercedes-Benz GLE-Class SUV 4WD,Not Rated,Not Rated,Not Rated,Not Rated,Not Rated,Not Rated,Not Rated,4,0.179,Not Rated,Standard,Optional,Optional,104,18,2,2016,MERCEDES-BENZ,GLE-CLASS
nhtsa_safety_2016.json,2026-08-28 16:05:12.636,2016,GLE-CLASS," GLE Class",10211,2016 Mercedes-Benz GLE-Class SUV RWD,Not Rated,Not Rated,Not Rated,Not Rated,Not Rated,Not Rated,Not Rated,4,0.198,Not Rated,Standard,Optional,Optional,104,18,2,2016,MERCEDES-BENZ,GLE-CLASS
nhtsa_safety_2016.json,2026-08-28 16:05:12.636,2016,S-CLASS," S Class",10787,2016 Mercedes-Benz S-Class 4 DR RWD,Not Rated,Not Rated,Not Rated,Not Rated,Not Rated,Not Rated,Not Rated,Not Rated,0,Not Rated,Standard,Optional,Optional,29,7,2,2016,MERCEDES-BENZ,S-CLASS
nhtsa_safety_2016.json,2026-08-28 16:05:12.636,2016,S-CLASS," S Class",10786,2016 Mercedes-Benz S-Class 4 DR 4WD,Not Rated,Not Rated,Not Rated,Not Rated,Not Rated,Not Rated,Not Rated,Not Rated,0,Not Rated,Standard,Optional,Optional,29,7,2,2016,MERCEDES-BENZ,S-CLASS
nhtsa_safety_2016.json,2026-08-28 16:05:12.636,2016,SL-CLASS," SL CLASS",10801,2016 Mercedes-Benz SL-Class C RWD,Not Rated,Not Rated,Not Rated,Not Rated,Not Rated,Not Rated,Not Rated,Not Rated,0,Not Rated,Standard,Optional,Optional,1,1,1,2016,MERCEDES-BENZ,SL-CLASS
nhtsa_safety_2004.json,2026-08-28 16:05:12.636,2004,C-CLASS," C Class",1204,2004 Mercedes-Benz C-Class 4-DR. w/SAB,Not Rated,Not Rated,4,4,Not Rated,5,5,Not Rated,0,Not Rated,Standard,No,No,77,4,0,2004,MERCEDES-BENZ,C-CLASS
nhtsa_safety_2004.json,2026-08-28 16:05:12.636,2004,SLK," SLK",1212,2004 Mercedes-Benz SLK w/SAB,Not Rated,Not Rated,Not Rated,Not Rated,Not Rated,Not Rated,Not Rated,Not Rated,0,Not Rated,Standard,No,No,7,1,1,2004,MERCEDES-BENZ,SLK
nhtsa_safety_2012.json,2026-08-28 16:05:12.636,2012,B-CLASS," B Class",6373,2012 Mercedes-Benz B-Class 4 DR RWD,Not Rated,Not Rated,Not Rated,Not Rated,Not Rated,Not Rated,Not Rated,Not Rated,0,Not Rated,Standard,No,No,0,0,0,2012,MERCEDES-BENZ,B-CLASS
nhtsa_safety_2012.json,2026-08-28 16:05:12.636,2012,C-CLASS," C Class",6739,2012 Mercedes-Benz C-Class 4 DR AWD,Not Rated,Not Rated,Not Rated,Not Rated,Not Rated,Not Rated,Not Rated,4,0.105,4,Standard,No,No,585,7,1,2012,MERCEDES-BENZ,C-CLASS
nhtsa_safety_2012.json,2026-08-28 16:05:12.636,2012,C-CLASS," C Class",6363,2012 Mercedes-Benz C-Class 4 DR RWD,Not Rated,Not Rated,Not Rated,Not Rated,Not Rated,Not Rated,Not Rated,4,0.105,4,Standard,No,No,585,7,1,2012,MERCEDES-BENZ,C-CLASS
nhtsa_safety_2012.json,2026-08-28 16:05:12.636,2012,CLS-CLASS," CLS Class",6741,2012 Mercedes-Benz CLS-Class 4 DR AWD,Not Rated,Not Rated,Not Rated,Not Rated,Not Rated,Not Rated,Not Rated,Not Rated,0,Not Rated,Standard,Optional,Optional,24,3,1,2012,MERCEDES-BENZ,CLS-CLASS
nhtsa_safety_2012.json,2026-08-28 16:05:12.636,2012,CLS-CLASS," CLS Class",6364,2012 Mercedes-Benz CLS-Class 4 DR RWD,Not Rated,Not Rated,Not Rated,Not Rated,Not Rated,Not Rated,Not Rated,Not Rated,0,Not Rated,Standard,Optional,Optional,24,3,1,2012,MERCEDES-BENZ,CLS-CLASS
nhtsa_safety_2012.json,2026-08-28 16:05:12.636,2012,E-CLASS," E Class",6743,2012 Mercedes-Benz E-Class 4 DR AWD,Not Rated,Not Rated,Not Rated,Not Rated,Not Rated,Not Rated,Not Rated,5,0.099,Not Rated,Standard,Optional,Optional,233,7,2,2012,MERCEDES-BENZ,E-CLASS
nhtsa_safety_2012.json,2026-08-28 16:05:12.636,2012,E-CLASS," E Class",6742,2012 Mercedes-Benz E-Class 2 DR AWD,Not Rated,Not Rated,Not Rated,Not Rated,Not Rated,Not Rated,Not Rated,Not Rated,0,Not Rated,Standard,Optional,Optional,233,7,2,2012,MERCEDES-BENZ,E-CLASS
nhtsa_safety_2012.json,2026-08-28 16:05:12.636,2012,E-CLASS," E Class",6370,2012 Mercedes-Benz E-Class 4 DR RWD,Not Rated,Not Rated,Not Rated,Not Rated,Not Rated,Not Rated,Not Rated,5,0.099,Not Rated,Standard,Optional,Optional,233,7,2,2012,MERCEDES-BENZ,E-CLASS
nhtsa_safety_2012.json,2026-08-28 16:05:12.636,2012,E-CLASS," E Class",6368,2012 Mercedes-Benz E-Class 2 DR RWD,Not Rated,Not Rated,Not Rated,Not Rated,Not Rated,Not Rated,Not Rated,Not Rated,0,Not Rated,Standard,Optional,Optional,233,7,2,2012,MERCEDES-BENZ,E-CLASS
nhtsa_safety_2012.json,2026-08-28 16:05:12.636,2012,G-CLASS," G Class",6377,2012 Mercedes-Benz G-Class SUV AWD,Not Rated,Not Rated,Not Rated,Not Rated,Not Rated,Not Rated,Not Rated,Not Rated,0,Not Rated,Standard,No,No,0,0,0,2012,MERCEDES-BENZ,G-CLASS
nhtsa_safety_2012.json,2026-08-28 16:05:12.636,2012,S-CLASS," S Class",6748,2012 Mercedes-Benz S-Class 4 DR AWD,Not Rated,Not Rated,Not Rated,Not Rated,Not Rated,Not Rated,Not Rated,Not Rated,0,Not Rated,Standard,Optional,Optional,14,3,0,2012,MERCEDES-BENZ,S-CLASS
nhtsa_safety_2012.json,2026-08-28 16:05:12.636,2012,S-CLASS," S Class",6365,2012 Mercedes-Benz S-Class 4 DR RWD,Not Rated,Not Rated,Not Rated,Not Rated,Not Rated,Not Rated,Not Rated,Not Rated,0,Not Rated,Standard,Optional,Optional,14,3,0,2012,MERCEDES-BENZ,S-CLASS
nhtsa_safety_2007.json,2026-08-28 16:05:12.636,2007,C-CLASS," C Class",2162,2007 Mercedes-Benz C-Class 4-DR. w/SAB,Not Rated,Not Rated,4,4,Not Rated,5,5,Not Rated,0,Not Rated,Standard,No,No,280,6,1,2007,MERCEDES-BENZ,C-CLASS
nhtsa_safety_2007.json,2026-08-28 16:05:12.636,2007,CLS-CLASS," CLS Class",2238,2007 Mercedes-Benz CLS 4-DR. w/SAB,Not Rated,Not Rated,Not Rated,Not Rated,Not Rated,Not Rated,Not Rated,Not Rated,0,Not Rated,Standard,No,No,40,4,0,2007,MERCEDES-BENZ,CLS-CLASS
nhtsa_safety_2007.json,2026-08-28 16:05:12.636,2007,E-CLASS," E Class",2354,2007 Mercedes-Benz E-Class Wagon 4-DR. w/SAB,Not Rated,Not Rated,4,4,Not Rated,Not Rated,Not Rated,Not Rated,0,Not Rated,Standard,No,No,435,7,1,2007,MERCEDES-BENZ,E-CLASS
nhtsa_safety_2007.json,2026-08-28 16:05:12.636,2007,E-CLASS," E Class",2163,2007 Mercedes-Benz E-Class 4-DR. w/SAB,Not Rated,Not Rated,4,4,Not Rated,5,5,Not Rated,0,Not Rated,Standard,No,No,435,7,1,2007,MERCEDES-BENZ,E-CLASS
nhtsa_safety_2007.json,2026-08-28 16:05:12.636,2007,GL-CLASS," GL Class",2245,2007 Mercedes-Benz GL-Class 4-DR w/SAB,Not Rated,Not Rated,Not Rated,Not Rated,Not Rated,Not Rated,Not Rated,Not Rated,0,Not Rated,Standard,No,No,123,4,0,2007,MERCEDES-BENZ,GL-CLASS
nhtsa_safety_2007.json,2026-08-28 16:05:12.636,2007,R-CLASS," R Class",2242,2007 Mercedes-Benz R-Class 4-DR. w/SAB,Not Rated,Not Rated,Not Rated,Not Rated,Not Rated,Not Rated,Not Rated,Not Rated,0,Not Rated,Standard,No,No,67,5,0,2007,MERCEDES-BENZ,R-CLASS
nhtsa_safety_2007.json,2026-08-28 16:05:12.636,2007,SL-CLASS," SL CLASS",2240,2007 Mercedes-Benz SL-Class Convertible w/SAB,Not Rated,Not Rated,Not Rated,Not Rated,Not Rated,Not Rated,Not Rated,Not Rated,0,Not Rated,Standard,No,No,21,2,0,2007,MERCEDES-BENZ,SL-CLASS
nhtsa_safety_2010.json,2026-08-28 16:05:12.636,2010,C-CLASS," C Class",5840,2010 Mercedes-Benz C-Class 4-DR. w/SAB,Not Rated,Not Rated,Not Rated,Not Rated,Not Rated,Not Rated,Not Rated,4,0.105,Not Rated,Standard,No,No,476,7,2,2010,MERCEDES-BENZ,C-CLASS
nhtsa_safety_2010.json,2026-08-28 16:05:12.636,2010,E-CLASS," E Class",5850,2010 Mercedes-Benz E-Class 2-DR. w/SAB,Not Rated,Not Rated,Not Rated,Not Rated,Not Rated,Not Rated,Not Rated,Not Rated,0,Not Rated,Standard,Optional,Optional,256,6,2,2010,MERCEDES-BENZ,E-CLASS
nhtsa_safety_2010.json,2026-08-28 16:05:12.636,2010,E-CLASS," E Class",5843,2010 Mercedes-Benz E-Class 4-DR. w/SAB,Not Rated,Not Rated,4,4,Not Rated,5,5,5,0.099,Not Rated,Standard,Optional,Optional,256,6,2,2010,MERCEDES-BENZ,E-CLASS
nhtsa_safety_2010.json,2026-08-28 16:05:12.636,2010,S-CLASS," S Class",5847,2010 Mercedes-Benz S-Class 4-DR w/SAB,Not Rated,Not Rated,Not Rated,Not Rated,Not Rated,Not Rated,Not Rated,Not Rated,0,Not Rated,Standard,Optional,Optional,33,0,0,2010,MERCEDES-BENZ,S-CLASS
nhtsa_safety_2010.json,2026-08-28 16:05:12.636,2010,SL-CLASS," SL CLASS",5848,2010 Mercedes-Benz SL-Class Convertible w/SAB,Not Rated,Not Rated,Not Rated,Not Rated,Not Rated,Not Rated,Not Rated,Not Rated,0,Not Rated,Standard,No,No,0,0,0,2010,MERCEDES-BENZ,SL-CLASS
nhtsa_safety_2013.json,2026-08-28 16:05:12.636,2013,C-CLASS," C Class",7750,2013 Mercedes-Benz C-Class 2 DR 4WD,Not Rated,Not Rated,Not Rated,Not Rated,Not Rated,Not Rated,Not Rated,Not Rated,0,Not Rated,Standard,Optional,Optional,571,7,1,2013,MERCEDES-BENZ,C-CLASS
nhtsa_safety_2013.json,2026-08-28 16:05:12.636,2013,C-CLASS," C Class",7738,2013 Mercedes-Benz C-Class 2 DR RWD,Not Rated,Not Rated,Not Rated,Not Rated,Not Rated,Not Rated,Not Rated,Not Rated,0,Not Rated,Standard,Optional,Optional,571,7,1,2013,MERCEDES-BENZ,C-CLASS
nhtsa_safety_2013.json,2026-08-28 16:05:12.636,2013,C-CLASS," C Class",7244,2013 Mercedes-Benz C-Class 4 DR AWD,5,4,4,4,5,5,5,4,0.105,5,Standard,Optional,Optional,571,7,1,2013,MERCEDES-BENZ,C-CLASS
nhtsa_safety_2013.json,2026-08-28 16:05:12.636,2013,C-CLASS," C Class",7243,2013 Mercedes-Benz C-Class 4 DR RWD,5,4,4,4,5,5,5,4,0.105,5,Standard,Optional,Optional,571,7,1,2013,MERCEDES-BENZ,C-CLASS
nhtsa_safety_2013.json,2026-08-28 16:05:12.636,2013,CL-CLASS," CL Class",7679,2013 Mercedes-Benz CL-Class 2 DR 4WD,Not Rated,Not Rated,Not Rated,Not Rated,Not Rated,Not Rated,Not Rated,Not Rated,0,Not Rated,Standard,Optional,Optional,1,0,0,2013,MERCEDES-BENZ,CL-CLASS
nhtsa_safety_2013.json,2026-08-28 16:05:12.636,2013,CL-CLASS," CL Class",7463,2013 Mercedes-Benz CL-Class 2 DR RWD,Not Rated,Not Rated,Not Rated,Not Rated,Not Rated,Not Rated,Not Rated,Not Rated,0,Not Rated,Standard,Optional,Optional,1,0,0,2013,MERCEDES-BENZ,CL-CLASS
nhtsa_safety_2013.json,2026-08-28 16:05:12.636,2013,CLS-CLASS," CLS Class",7680,2013 Mercedes-Benz CLS-Class 2 DR 4WD,Not Rated,Not Rated,Not Rated,Not Rated,Not Rated,Not Rated,Not Rated,Not Rated,0,Not Rated,Standard,Optional,Optional,4,3,1,2013,MERCEDES-BENZ,CLS-CLASS
nhtsa_safety_2013.json,2026-08-28 16:05:12.636,2013,CLS-CLASS," CLS Class",7464,2013 Mercedes-Benz CLS-Class 2 DR RWD,Not Rated,Not Rated,Not Rated,Not Rated,Not Rated,Not Rated,Not Rated,Not Rated,0,Not Rated,Standard,Optional,Optional,4,3,1,2013,MERCEDES-BENZ,CLS-CLASS
nhtsa_safety_2013.json,2026-08-28 16:05:12.636,2013,E-CLASS," E Class",7751,2013 Mercedes-Benz E-Class 2 DR 4WD,Not Rated,Not Rated,Not Rated,Not Rated,Not Rated,Not Rated,Not Rated,Not Rated,0,Not Rated,Standard,Optional,Optional,185,7,2,2013,MERCEDES-BENZ,E-CLASS
nhtsa_safety_2013.json,2026-08-28 16:05:12.636,2013,E-CLASS," E Class",7739,2013 Mercedes-Benz E-Class 2 DR RWD,Not Rated,Not Rated,Not Rated,Not Rated,Not Rated,Not Rated,Not Rated,Not Rated,0,Not Rated,Standard,Optional,Optional,185,7,2,2013,MERCEDES-BENZ,E-CLASS
nhtsa_safety_2013.json,2026-08-28 16:05:12.636,2013,E-CLASS," E Class",7246,2013 Mercedes-Benz E-Class 4 DR AWD,Not Rated,Not Rated,Not Rated,Not Rated,Not Rated,Not Rated,Not Rated,5,0.099,Not Rated,Standard,Optional,Optional,185,7,2,2013,MERCEDES-BENZ,E-CLASS
nhtsa_safety_2013.json,2026-08-28 16:05:12.636,2013,E-CLASS," E Class",7245,2013 Mercedes-Benz E-Class 4 DR RWD,Not Rated,Not Rated,Not Rated,Not Rated,Not Rated,Not Rated,Not Rated,5,0.099,Not Rated,Standard,Optional,Optional,185,7,2,2013,MERCEDES-BENZ,E-CLASS
nhtsa_safety_2013.json,2026-08-28 16:05:12.636,2013,G-CLASS," G Class",7467,2013 Mercedes-Benz G-Class SUV AWD,Not Rated,Not Rated,Not Rated,Not Rated,Not Rated,Not Rated,Not Rated,Not Rated,0,Not Rated,Standard,No,No,5,3,0,2013,MERCEDES-BENZ,G-CLASS
nhtsa_safety_2013.json,2026-08-28 16:05:12.636,2013,GL-CLASS," GL Class",7468,2013 Mercedes-Benz GL-Class SUV 4WD,Not Rated,Not Rated,Not Rated,Not Rated,Not Rated,Not Rated,Not Rated,Not Rated,0,Not Rated,Standard,Optional,Optional,52,3,0,2013,MERCEDES-BENZ,GL-CLASS
nhtsa_safety_2013.json,2026-08-28 16:05:12.636,2013,S-CLASS," S Class",7684,2013 Mercedes-Benz S-Class 4 DR 4WD,Not Rated,Not Rated,Not Rated,Not Rated,Not Rated,Not Rated,Not Rated,Not Rated,0,Not Rated,Standard,Optional,Optional,9,0,0,2013,MERCEDES-BENZ,S-CLASS
nhtsa_safety_2013.json,2026-08-28 16:05:12.636,2013,S-CLASS," S Class",7471,2013 Mercedes-Benz S-Class 4 DR RWD,Not Rated,Not Rated,Not Rated,Not Rated,Not Rated,Not Rated,Not Rated,Not Rated,0,Not Rated,Standard,Optional,Optional,9,0,0,2013,MERCEDES-BENZ,S-CLASS
nhtsa_safety_2008.json,2026-08-28 16:05:12.636,2008,C-CLASS," C Class",2774,2008 Mercedes-Benz C-Class 4-DR. w/SAB,Not Rated,Not Rated,4,4,Not Rated,5,5,4,0.105,Not Rated,Standard,No,No,836,9,3,2008,MERCEDES-BENZ,C-CLASS
nhtsa_safety_2008.json,2026-08-28 16:05:12.636,2008,CL-CLASS," CL Class",2473,2008 Mercedes-Benz CL-Class 2-DR w/SAB,Not Rated,Not Rated,Not Rated,Not Rated,Not Rated,Not Rated,Not Rated,Not Rated,0,Not Rated,Standard,Optional,No,10,3,1,2008,MERCEDES-BENZ,CL-CLASS
nhtsa_safety_2008.json,2026-08-28 16:05:12.636,2008,E-CLASS," E Class",2443,2008 Mercedes-Benz E-Class 4-DR. w/SAB,Not Rated,Not Rated,4,4,Not Rated,5,5,5,0.101,Not Rated,Standard,Optional,No,226,6,1,2008,MERCEDES-BENZ,E-CLASS
nhtsa_safety_2008.json,2026-08-28 16:05:12.636,2008,E-CLASS," E Class",2442,2008 Mercedes-Benz E-Class Wagon 4-DR. w/SAB,Not Rated,Not Rated,4,4,Not Rated,5,5,5,0.101,Not Rated,Standard,Optional,No,226,6,1,2008,MERCEDES-BENZ,E-CLASS
nhtsa_safety_2018.json,2026-08-28 16:05:12.636,2018,C-CLASS," C Class",12471,2018 Mercedes-Benz C-Class 4 DR 4WD,5,4,5,4,5,5,5,4,0.11,5,Standard,Optional,Optional,127,19,3,2018,MERCEDES-BENZ,C-CLASS
nhtsa_safety_2018.json,2026-08-28 16:05:12.636,2018,C-CLASS," C Class",12470,2018 Mercedes-Benz C-Class 4 DR RWD,5,4,5,4,5,5,5,4,0.11,5,Standard,Optional,Optional,127,19,3,2018,MERCEDES-BENZ,C-CLASS
nhtsa_safety_2018.json,2026-08-28 16:05:12.636,2018,C-CLASS," C Class",12469,2018 Mercedes-Benz C-Class 2 DR RWD,Not Rated,Not Rated,Not Rated,Not Rated,Not Rated,Not Rated,Not Rated,Not Rated,0,Not Rated,Standard,Optional,Optional,127,19,3,2018,MERCEDES-BENZ,C-CLASS
nhtsa_safety_2018.json,2026-08-28 16:05:12.636,2018,C-CLASS," C Class",12468,2018 Mercedes-Benz C-Class 2 DR 4WD,Not Rated,Not Rated,Not Rated,Not Rated,Not Rated,Not Rated,Not Rated,Not Rated,0,Not Rated,Standard,Optional,Optional,127,19,3,2018,MERCEDES-BENZ,C-CLASS
nhtsa_safety_2018.json,2026-08-28 16:05:12.636,2018,C-CLASS," C Class",12467,2018 Mercedes-Benz C-Class C RWD,Not Rated,Not Rated,Not Rated,Not Rated,Not Rated,Not Rated,Not Rated,Not Rated,0,Not Rated,Standard,Optional,Optional,127,19,3,2018,MERCEDES-BENZ,C-CLASS
nhtsa_safety_2018.json,2026-08-28 16:05:12.636,2018,C-CLASS," C Class",12466,2018 Mercedes-Benz C-Class C 4WD,Not Rated,Not Rated,Not Rated,Not Rated,Not Rated,Not Rated,Not Rated,Not Rated,0,Not Rated,Standard,Optional,Optional,127,19,3,2018,MERCEDES-BENZ,C-CLASS
nhtsa_safety_2018.json,2026-08-28 16:05:12.636,2018,CLA-CLASS," CLA Class",12489,2018 Mercedes-Benz CLA-Class 4 DR 4WD,Not Rated,Not Rated,Not Rated,Not Rated,Not Rated,Not Rated,Not Rated,Not Rated,0,Not Rated,Standard,Optional,Optional,45,10,2,2018,MERCEDES-BENZ,CLA-CLASS
nhtsa_safety_2018.json,2026-08-28 16:05:12.636,2018,CLA-CLASS," CLA Class",12488,2018 Mercedes-Benz CLA-Class 4 DR FWD,Not Rated,Not Rated,Not Rated,Not Rated,Not Rated,Not Rated,Not Rated,Not Rated,0,Not Rated,Standard,Optional,Optional,45,10,2,2018,MERCEDES-BENZ,CLA-CLASS
nhtsa_safety_2018.json,2026-08-28 16:05:12.636,2018,CLS-CLASS," CLS Class",12481,2018 Mercedes-Benz CLS-Class 4 DR 4WD,Not Rated,Not Rated,Not Rated,Not Rated,Not Rated,Not Rated,Not Rated,Not Rated,0,Not Rated,Standard,Optional,Optional,0,1,1,2018,MERCEDES-BENZ,CLS-CLASS
nhtsa_safety_2018.json,2026-08-28 16:05:12.636,2018,CLS-CLASS," CLS Class",12480,2018 Mercedes-Benz CLS-Class 4 DR RWD,Not Rated,Not Rated,Not Rated,Not Rated,Not Rated,Not Rated,Not Rated,Not Rated,0,Not Rated,Standard,Optional,Optional,0,1,1,2018,MERCEDES-BENZ,CLS-CLASS
nhtsa_safety_2018.json,2026-08-28 16:05:12.636,2018,E-CLASS," E Class",12479,2018 Mercedes-Benz E-Class C RWD,Not Rated,Not Rated,Not Rated,Not Rated,Not Rated,Not Rated,Not Rated,Not Rated,0,Not Rated,Standard,Standard,Optional,66,18,0,2018,MERCEDES-BENZ,E-CLASS
nhtsa_safety_2018.json,2026-08-28 16:05:12.636,2018,E-CLASS," E Class",12478,2018 Mercedes-Benz E-Class C 4WD,Not Rated,Not Rated,Not Rated,Not Rated,Not Rated,Not Rated,Not Rated,Not Rated,0,Not Rated,Standard,Standard,Optional,66,18,0,2018,MERCEDES-BENZ,E-CLASS
nhtsa_safety_2018.json,2026-08-28 16:05:12.636,2018,E-CLASS," E Class",12477,2018 Mercedes-Benz E-Class 4 DR 4WD,5,5,5,5,5,5,5,5,0.097,5,Standard,Standard,Optional,66,18,0,2018,MERCEDES-BENZ,E-CLASS
nhtsa_safety_2018.json,2026-08-28 16:05:12.636,2018,E-CLASS," E Class",12476,2018 Mercedes-Benz E-Class 4 DR RWD,5,5,5,5,5,5,5,5,0.097,5,Standard,Standard,Optional,66,18,0,2018,MERCEDES-BENZ,E-CLASS
nhtsa_safety_2018.json,2026-08-28 16:05:12.636,2018,E-CLASS," E Class",12475,2018 Mercedes-Benz E-CLASS SW 4WD,5,5,5,5,5,5,5,5,0.097,5,Standard,Standard,Optional,66,18,0,2018,MERCEDES-BENZ,E-CLASS
nhtsa_safety_2018.json,2026-08-28 16:05:12.636,2018,E-CLASS," E Class",12474,2018 Mercedes-Benz E-CLASS SW RWD,5,5,5,5,5,5,5,5,0.097,5,Standard,Standard,Optional,66,18,0,2018,MERCEDES-BENZ,E-CLASS
nhtsa_safety_2018.json,2026-08-28 16:05:12.636,2018,E-CLASS," E Class",12473,2018 Mercedes-Benz E-Class 2 DR RWD,Not Rated,Not Rated,Not Rated,Not Rated,Not Rated,Not Rated,Not Rated,Not Rated,0,Not Rated,Standard,Standard,Optional,66,18,0,2018,MERCEDES-BENZ,E-CLASS
nhtsa_safety_2018.json,2026-08-28 16:05:12.636,2018,E-CLASS," E Class",12472,2018 Mercedes-Benz E-Class 2 DR 4WD,Not Rated,Not Rated,Not Rated,Not Rated,Not Rated,Not Rated,Not Rated,Not Rated,0,Not Rated,Standard,Standard,Optional,66,18,0,2018,MERCEDES-BENZ,E-CLASS
nhtsa_safety_2018.json,2026-08-28 16:05:12.636,2018,G-CLASS," G Class",12500,2018 Mercedes-Benz G-Class SUV AWD,Not Rated,Not Rated,Not Rated,Not Rated,Not Rated,Not Rated,Not Rated,Not Rated,0,Not Rated,Standard,No,No,0,1,0,2018,MERCEDES-BENZ,G-CLASS
nhtsa_safety_2018.json,2026-08-28 16:05:12.636,2018,GLA-CLASS," GLA Class",12491,2018 Mercedes-Benz GLA-Class 4 DR FWD,Not Rated,Not Rated,Not Rated,Not Rated,Not Rated,Not Rated,Not Rated,Not Rated,0,Not Rated,Standard,Optional,Optional,49,12,2,2018,MERCEDES-BENZ,GLA-CLASS
nhtsa_safety_2018.json,2026-08-28 16:05:12.636,2018,GLA-CLASS," GLA Class",12490,2018 Mercedes-Benz GLA-Class 4 DR 4WD,Not Rated,Not Rated,Not Rated,Not Rated,Not Rated,Not Rated,Not Rated,Not Rated,0,Not Rated,Standard,Optional,Optional,49,12,2,2018,MERCEDES-BENZ,GLA-CLASS
nhtsa_safety_2018.json,2026-08-28 16:05:12.636,2018,GLC-CLASS," GLC Class",12493,2018 Mercedes-Benz GLC-Class SUV 4WD,5,5,5,5,5,5,5,4,0.184,5,Standard,Optional,Optional,99,15,3,2018,MERCEDES-BENZ,GLC-CLASS
nhtsa_safety_2018.json,2026-08-28 16:05:12.636,2018,GLC-CLASS," GLC Class",12492,2018 Mercedes-Benz GLC-Class SUV RWD,5,5,5,5,5,5,5,4,0.186,5,Standard,Optional,Optional,99,15,3,2018,MERCEDES-BENZ,GLC-CLASS
nhtsa_safety_2018.json,2026-08-28 16:05:12.636,2018,GLE-CLASS," GLE Class",12497,2018 Mercedes-Benz GLE-Class SUV 4WD,Not Rated,Not Rated,Not Rated,Not Rated,Not Rated,Not Rated,Not Rated,4,0.179,Not Rated,Standard,Optional,Optional,56,9,2,2018,MERCEDES-BENZ,GLE-CLASS
nhtsa_safety_2018.json,2026-08-28 16:05:12.636,2018,GLE-CLASS," GLE Class",12496,2018 Mercedes-Benz GLE-Class SUV RWD,Not Rated,Not Rated,Not Rated,Not Rated,Not Rated,Not Rated,Not Rated,4,0.198,Not Rated,Standard,Optional,Optional,56,9,2,2018,MERCEDES-BENZ,GLE-CLASS
nhtsa_safety_2018.json,2026-08-28 16:05:12.636,2018,GLS-CLASS," GLS Class",12501,2018 Mercedes-Benz GLS-Class SUV 4WD,Not Rated,Not Rated,Not Rated,Not Rated,Not Rated,Not Rated,Not Rated,Not Rated,0,Not Rated,Standard,Optional,Optional,22,4,0,2018,MERCEDES-BENZ,GLS-CLASS
nhtsa_safety_2018.json,2026-08-28 16:05:12.636,2018,S-CLASS," S Class",12485,2018 Mercedes-Benz S-Class C RWD,Not Rated,Not Rated,Not Rated,Not Rated,Not Rated,Not Rated,Not Rated,Not Rated,0,Not Rated,Standard,Optional,Optional,29,15,1,2018,MERCEDES-BENZ,S-CLASS
nhtsa_safety_2018.json,2026-08-28 16:05:12.636,2018,S-CLASS," S Class",12484,2018 Mercedes-Benz S-Class C 4WD,Not Rated,Not Rated,Not Rated,Not Rated,Not Rated,Not Rated,Not Rated,Not Rated,0,Not Rated,Standard,Optional,Optional,29,15,1,2018,MERCEDES-BENZ,S-CLASS
nhtsa_safety_2018.json,2026-08-28 16:05:12.636,2018,S-CLASS," S Class",12483,2018 Mercedes-Benz S-Class 4 DR RWD,Not Rated,Not Rated,Not Rated,Not Rated,Not Rated,Not Rated,Not Rated,Not Rated,0,Not Rated,Standard,Standard,Optional,29,15,1,2018,MERCEDES-BENZ,S-CLASS
nhtsa_safety_2018.json,2026-08-28 16:05:12.636,2018,S-CLASS," S Class",12482,2018 Mercedes-Benz S-Class 4 DR 4WD,Not Rated,Not Rated,Not Rated,Not Rated,Not Rated,Not Rated,Not Rated,Not Rated,0,Not Rated,Standard,Standard,Optional,29,15,1,2018,MERCEDES-BENZ,S-CLASS
nhtsa_safety_2018.json,2026-08-28 16:05:12.636,2018,SL-CLASS," SL CLASS",12486,2018 Mercedes-Benz SL-Class C RWD,Not Rated,Not Rated,Not Rated,Not Rated,Not Rated,Not Rated,Not Rated,Not Rated,0,Not Rated,Standard,Optional,Optional,2,2,1,2018,MERCEDES-BENZ,SL-CLASS
nhtsa_safety_2009.json,2026-08-28 16:05:12.636,2009,C-CLASS," C Class",5254,2009 Mercedes-Benz C-Class 4-DR. w/SAB,Not Rated,Not Rated,4,4,Not Rated,5,5,4,0.105,Not Rated,Standard,No,No,670,8,3,2009,MERCEDES-BENZ,C-CLASS
nhtsa_safety_2009.json,2026-08-28 16:05:12.636,2009,E-CLASS," E Class",5259,2009 Mercedes-Benz E-Class 4-DR. w/SAB,Not Rated,Not Rated,4,4,Not Rated,5,5,5,0.101,Not Rated,Standard,Optional,No,85,4,0,2009,MERCEDES-BENZ,E-CLASS
nhtsa_safety_2009.json,2026-08-28 16:05:12.636,2009,E-CLASS," E Class",5258,2009 Mercedes-Benz E-Class Wagon 4-DR. w/SAB,Not Rated,Not Rated,4,4,Not Rated,5,5,5,0.101,Not Rated,Standard,Optional,No,85,4,0,2009,MERCEDES-BENZ,E-CLASS
nhtsa_safety_2009.json,2026-08-28 16:05:12.636,2009,S-CLASS," S Class",5436,2009 Mercedes-Benz S-Class 4-DR w/SAB,Not Rated,Not Rated,Not Rated,Not Rated,Not Rated,Not Rated,Not Rated,Not Rated,0,Not Rated,Standard,Optional,No,13,1,0,2009,MERCEDES-BENZ,S-CLASS
nhtsa_safety_2017.json,2026-08-28 16:05:12.636,2017,C-CLASS," C Class",11758,2017 Mercedes-Benz C-Class 2 DR 4WD,Not Rated,Not Rated,Not Rated,Not Rated,Not Rated,Not Rated,Not Rated,Not Rated,0,Not Rated,Standard,Optional,Optional,252,17,3,2017,MERCEDES-BENZ,C-CLASS
nhtsa_safety_2017.json,2026-08-28 16:05:12.636,2017,C-CLASS," C Class",11659,2017 Mercedes-Benz C-Class C 4WD,Not Rated,Not Rated,Not Rated,Not Rated,Not Rated,Not Rated,Not Rated,Not Rated,0,Not Rated,Standard,Optional,Optional,252,17,3,2017,MERCEDES-BENZ,C-CLASS
nhtsa_safety_2017.json,2026-08-28 16:05:12.636,2017,C-CLASS," C Class",11658,2017 Mercedes-Benz C-Class C RWD,Not Rated,Not Rated,Not Rated,Not Rated,Not Rated,Not Rated,Not Rated,Not Rated,0,Not Rated,Standard,Optional,Optional,252,17,3,2017,MERCEDES-BENZ,C-CLASS
nhtsa_safety_2017.json,2026-08-28 16:05:12.636,2017,C-CLASS," C Class",11656,2017 Mercedes-Benz C-Class 2 DR RWD,Not Rated,Not Rated,Not Rated,Not Rated,Not Rated,Not Rated,Not Rated,Not Rated,0,Not Rated,Standard,Optional,Optional,252,17,3,2017,MERCEDES-BENZ,C-CLASS
nhtsa_safety_2017.json,2026-08-28 16:05:12.636,2017,C-CLASS," C Class",11189,2017 Mercedes-Benz C-Class 4 DR RWD,5,4,5,4,5,5,5,4,0.11,5,Standard,Optional,Optional,252,17,3,2017,MERCEDES-BENZ,C-CLASS
nhtsa_safety_2017.json,2026-08-28 16:05:12.636,2017,C-CLASS," C Class",11188,2017 Mercedes-Benz C-Class 4 DR 4WD,5,4,5,4,5,5,5,4,0.11,5,Standard,Optional,Optional,252,17,3,2017,MERCEDES-BENZ,C-CLASS
nhtsa_safety_2017.json,2026-08-28 16:05:12.636,2017,CL-CLASS," CL Class",11662,2017 Mercedes-Benz CL-Class 2 DR RWD,Not Rated,Not Rated,Not Rated,Not Rated,Not Rated,Not Rated,Not Rated,Not Rated,0,Not Rated,Standard,Optional,Optional,0,0,0,2017,MERCEDES-BENZ,CL-CLASS
nhtsa_safety_2017.json,2026-08-28 16:05:12.636,2017,CL-CLASS," CL Class",11661,2017 Mercedes-Benz CL-Class 2 DR 4WD,Not Rated,Not Rated,Not Rated,Not Rated,Not Rated,Not Rated,Not Rated,Not Rated,0,Not Rated,Standard,Optional,Optional,0,0,0,2017,MERCEDES-BENZ,CL-CLASS
nhtsa_safety_2017.json,2026-08-28 16:05:12.636,2017,CLA-CLASS," CLA Class",11664,2017 Mercedes-Benz CLA-Class 4 DR 4WD,Not Rated,Not Rated,Not Rated,Not Rated,Not Rated,Not Rated,Not Rated,Not Rated,0,Not Rated,Standard,Optional,Optional,27,10,2,2017,MERCEDES-BENZ,CLA-CLASS
nhtsa_safety_2017.json,2026-08-28 16:05:12.636,2017,CLA-CLASS," CLA Class",11663,2017 Mercedes-Benz CLA-Class 4 DR FWD,Not Rated,Not Rated,Not Rated,Not Rated,Not Rated,Not Rated,Not Rated,Not Rated,0,Not Rated,Standard,Optional,Optional,27,10,2,2017,MERCEDES-BENZ,CLA-CLASS
nhtsa_safety_2017.json,2026-08-28 16:05:12.636,2017,CLS-CLASS," CLS Class",11666,2017 Mercedes-Benz CLS-Class 4 DR 4WD,Not Rated,Not Rated,Not Rated,Not Rated,Not Rated,Not Rated,Not Rated,Not Rated,0,Not Rated,Standard,Optional,Optional,2,1,1,2017,MERCEDES-BENZ,CLS-CLASS
nhtsa_safety_2017.json,2026-08-28 16:05:12.636,2017,CLS-CLASS," CLS Class",11665,2017 Mercedes-Benz CLS-Class 4 DR RWD,Not Rated,Not Rated,Not Rated,Not Rated,Not Rated,Not Rated,Not Rated,Not Rated,0,Not Rated,Standard,Optional,Optional,2,1,1,2017,MERCEDES-BENZ,CLS-CLASS
nhtsa_safety_2017.json,2026-08-28 16:05:12.636,2017,E-CLASS," E Class",11674,2017 Mercedes-Benz E-Class C 4WD,Not Rated,Not Rated,Not Rated,Not Rated,Not Rated,Not Rated,Not Rated,Not Rated,0,Not Rated,Standard,Optional,Optional,166,20,1,2017,MERCEDES-BENZ,E-CLASS
nhtsa_safety_2017.json,2026-08-28 16:05:12.636,2017,E-CLASS," E Class",11673,2017 Mercedes-Benz E-Class C RWD,Not Rated,Not Rated,Not Rated,Not Rated,Not Rated,Not Rated,Not Rated,Not Rated,0,Not Rated,Standard,Optional,Optional,166,20,1,2017,MERCEDES-BENZ,E-CLASS
nhtsa_safety_2017.json,2026-08-28 16:05:12.636,2017,E-CLASS," E Class",11672,2017 Mercedes-Benz E-CLASS SW 4WD,5,5,5,5,5,5,5,5,0.097,5,Standard,Standard,Optional,166,20,1,2017,MERCEDES-BENZ,E-CLASS
nhtsa_safety_2017.json,2026-08-28 16:05:12.636,2017,E-CLASS," E Class",11671,2017 Mercedes-Benz E-CLASS SW RWD,5,5,5,5,5,5,5,5,0.097,5,Standard,Standard,Optional,166,20,1,2017,MERCEDES-BENZ,E-CLASS
nhtsa_safety_2017.json,2026-08-28 16:05:12.636,2017,E-CLASS," E Class",11670,2017 Mercedes-Benz E-Class 4 DR RWD,5,5,5,5,5,5,5,5,0.097,5,Standard,Standard,Optional,166,20,1,2017,MERCEDES-BENZ,E-CLASS
nhtsa_safety_2017.json,2026-08-28 16:05:12.636,2017,E-CLASS," E Class",11669,2017 Mercedes-Benz E-Class 4 DR 4WD,5,5,5,5,5,5,5,5,0.097,5,Standard,Standard,Optional,166,20,1,2017,MERCEDES-BENZ,E-CLASS
nhtsa_safety_2017.json,2026-08-28 16:05:12.636,2017,E-CLASS," E Class",11668,2017 Mercedes-Benz E-Class 2 DR RWD,Not Rated,Not Rated,Not Rated,Not Rated,Not Rated,Not Rated,Not Rated,Not Rated,0,Not Rated,Standard,Optional,Optional,166,20,1,2017,MERCEDES-BENZ,E-CLASS
nhtsa_safety_2017.json,2026-08-28 16:05:12.636,2017,E-CLASS," E Class",11667,2017 Mercedes-Benz E-Class 2 DR 4WD,Not Rated,Not Rated,Not Rated,Not Rated,Not Rated,Not Rated,Not Rated,Not Rated,0,Not Rated,Standard,Optional,Optional,166,20,1,2017,MERCEDES-BENZ,E-CLASS
nhtsa_safety_2017.json,2026-08-28 16:05:12.636,2017,G-CLASS," G Class",11765,2017 Mercedes-Benz G-Class SUV AWD,Not Rated,Not Rated,Not Rated,Not Rated,Not Rated,Not Rated,Not Rated,Not Rated,0,Not Rated,Standard,No,No,4,4,0,2017,MERCEDES-BENZ,G-CLASS
nhtsa_safety_2017.json,2026-08-28 16:05:12.636,2017,GLA-CLASS," GLA Class",11676,2017 Mercedes-Benz GLA-Class 4 DR FWD,Not Rated,Not Rated,Not Rated,Not Rated,Not Rated,Not Rated,Not Rated,Not Rated,0,Not Rated,Standard,Optional,Optional,33,9,2,2017,MERCEDES-BENZ,GLA-CLASS
nhtsa_safety_2017.json,2026-08-28 16:05:12.636,2017,GLA-CLASS," GLA Class",11675,2017 Mercedes-Benz GLA-Class 4 DR 4WD,Not Rated,Not Rated,Not Rated,Not Rated,Not Rated,Not Rated,Not Rated,Not Rated,0,Not Rated,Standard,Optional,Optional,33,9,2,2017,MERCEDES-BENZ,GLA-CLASS
nhtsa_safety_2017.json,2026-08-28 16:05:12.636,2017,GLC-CLASS," GLC Class",11678,2017 Mercedes-Benz GLC-Class SUV 4WD,Not Rated,Not Rated,Not Rated,Not Rated,Not Rated,Not Rated,Not Rated,Not Rated,0,Not Rated,Standard,Optional,Optional,115,12,2,2017,MERCEDES-BENZ,GLC-CLASS
nhtsa_safety_2017.json,2026-08-28 16:05:12.636,2017,GLC-CLASS," GLC Class",11677,2017 Mercedes-Benz GLC-Class SUV RWD,Not Rated,Not Rated,Not Rated,Not Rated,Not Rated,Not Rated,Not Rated,Not Rated,0,Not Rated,Standard,Optional,Optional,115,12,2,2017,MERCEDES-BENZ,GLC-CLASS
nhtsa_safety_2017.json,2026-08-28 16:05:12.636,2017,GLE-CLASS," GLE Class",11191,2017 Mercedes-Benz GLE-Class SUV 4WD,Not Rated,Not Rated,Not Rated,Not Rated,Not Rated,Not Rated,Not Rated,4,0.179,Not Rated,Standard,Optional,Optional,74,12,2,2017,MERCEDES-BENZ,GLE-CLASS
nhtsa_safety_2017.json,2026-08-28 16:05:12.636,2017,GLE-CLASS," GLE Class",11190,2017 Mercedes-Benz GLE-Class SUV RWD,Not Rated,Not Rated,Not Rated,Not Rated,Not Rated,Not Rated,Not Rated,4,0.198,Not Rated,Standard,Optional,Optional,74,12,2,2017,MERCEDES-BENZ,GLE-CLASS
nhtsa_safety_2017.json,2026-08-28 16:05:12.636,2017,GLS-CLASS," GLS Class",11685,2017 Mercedes-Benz GLS-Class SUV 4WD,Not Rated,Not Rated,Not Rated,Not Rated,Not Rated,Not Rated,Not Rated,Not Rated,0,Not Rated,Standard,Optional,Optional,41,10,0,2017,MERCEDES-BENZ,GLS-CLASS
nhtsa_safety_2017.json,2026-08-28 16:05:12.636,2017,S-CLASS," S Class",11689,2017 Mercedes-Benz S-Class C RWD,Not Rated,Not Rated,Not Rated,Not Rated,Not Rated,Not Rated,Not Rated,Not Rated,0,Not Rated,Standard,Optional,Optional,22,10,2,2017,MERCEDES-BENZ,S-CLASS
nhtsa_safety_2017.json,2026-08-28 16:05:12.636,2017,S-CLASS," S Class",11688,2017 Mercedes-Benz S-Class C 4WD,Not Rated,Not Rated,Not Rated,Not Rated,Not Rated,Not Rated,Not Rated,Not Rated,0,Not Rated,Standard,Optional,Optional,22,10,2,2017,MERCEDES-BENZ,S-CLASS
nhtsa_safety_2017.json,2026-08-28 16:05:12.636,2017,S-CLASS," S Class",11687,2017 Mercedes-Benz S-Class 4 DR 4WD,Not Rated,Not Rated,Not Rated,Not Rated,Not Rated,Not Rated,Not Rated,Not Rated,0,Not Rated,Standard,Optional,Optional,22,10,2,2017,MERCEDES-BENZ,S-CLASS
nhtsa_safety_2017.json,2026-08-28 16:05:12.636,2017,S-CLASS," S Class",11686,2017 Mercedes-Benz S-Class 4 DR RWD,Not Rated,Not Rated,Not Rated,Not Rated,Not Rated,Not Rated,Not Rated,Not Rated,0,Not Rated,Standard,Optional,Optional,22,10,2,2017,MERCEDES-BENZ,S-CLASS
nhtsa_safety_2017.json,2026-08-28 16:05:12.636,2017,SL-CLASS," SL CLASS",11692,2017 Mercedes-Benz SL-Class C RWD,Not Rated,Not Rated,Not Rated,Not Rated,Not Rated,Not Rated,Not Rated,Not Rated,0,Not Rated,Standard,Optional,Optional,4,2,1,2017,MERCEDES-BENZ,SL-CLASS
nhtsa_safety_2019.json,2026-08-28 16:05:12.636,2019,A-CLASS," A Class",14058,2019 Mercedes-Benz A-Class 4 DR 4WD,Not Rated,Not Rated,Not Rated,Not Rated,Not Rated,Not Rated,Not Rated,Not Rated,0,Not Rated,Standard,Standard,Optional,44,14,1,2019,MERCEDES-BENZ,A-CLASS
nhtsa_safety_2019.json,2026-08-28 16:05:12.636,2019,A-CLASS," A Class",14032,2019 Mercedes-Benz A-Class 4 DR FWD,Not Rated,Not Rated,Not Rated,Not Rated,Not Rated,Not Rated,Not Rated,Not Rated,0,Not Rated,Standard,Standard,Optional,45,14,1,2019,MERCEDES-BENZ,A-CLASS
nhtsa_safety_2019.json,2026-08-28 16:05:12.636,2019,C-CLASS," C Class",15046,2019 Mercedes-Benz C-Class 4 DR 4WD,Not Rated,4,5,4,Not Rated,Not Rated,Not Rated,4,0.11,Not Rated,Standard,Standard,Optional,75,18,1,2019,MERCEDES-BENZ,C-CLASS
nhtsa_safety_2019.json,2026-08-28 16:05:12.636,2019,C-CLASS," C Class",15042,2019 Mercedes-Benz C-Class 4 DR RWD,Not Rated,4,5,4,Not Rated,Not Rated,Not Rated,4,0.11,Not Rated,Standard,Standard,Optional,75,18,1,2019,MERCEDES-BENZ,C-CLASS
nhtsa_safety_2019.json,2026-08-28 16:05:12.636,2019,C-CLASS," C Class",14060,2019 Mercedes-Benz C-Class 2 DR 4WD,Not Rated,Not Rated,Not Rated,Not Rated,Not Rated,Not Rated,Not Rated,Not Rated,0,Not Rated,Standard,Standard,Optional,75,18,1,2019,MERCEDES-BENZ,C-CLASS
nhtsa_safety_2019.json,2026-08-28 16:05:12.636,2019,C-CLASS," C Class",14035,2019 Mercedes-Benz C-Class 2 DR RWD,Not Rated,Not Rated,Not Rated,Not Rated,Not Rated,Not Rated,Not Rated,Not Rated,0,Not Rated,Standard,Standard,Optional,75,18,1,2019,MERCEDES-BENZ,C-CLASS
nhtsa_safety_2019.json,2026-08-28 16:05:12.636,2019,CLA-CLASS," CLA Class",14061,2019 Mercedes-Benz CLA-Class 4 DR 4WD,Not Rated,Not Rated,Not Rated,Not Rated,Not Rated,Not Rated,Not Rated,Not Rated,0,Not Rated,Standard,Optional,Optional,51,12,1,2019,MERCEDES-BENZ,CLA-CLASS
nhtsa_safety_2019.json,2026-08-28 16:05:12.636,2019,CLA-CLASS," CLA Class",14036,2019 Mercedes-Benz CLA-Class 4 DR FWD,Not Rated,Not Rated,Not Rated,Not Rated,Not Rated,Not Rated,Not Rated,Not Rated,0,Not Rated,Standard,Optional,Optional,22,6,1,2019,MERCEDES-BENZ,CLA-CLASS
nhtsa_safety_2019.json,2026-08-28 16:05:12.636,2019,CLS-CLASS," CLS Class",14062,2019 Mercedes-Benz CLS-Class 4 DR 4WD,Not Rated,Not Rated,Not Rated,Not Rated,Not Rated,Not Rated,Not Rated,Not Rated,0,Not Rated,Standard,Standard,Optional,20,14,0,2019,MERCEDES-BENZ,CLS-CLASS
nhtsa_safety_2019.json,2026-08-28 16:05:12.636,2019,CLS-CLASS," CLS Class",14037,2019 Mercedes-Benz CLS-Class 4 DR RWD,Not Rated,Not Rated,Not Rated,Not Rated,Not Rated,Not Rated,Not Rated,Not Rated,0,Not Rated,Standard,Standard,Optional,20,14,0,2019,MERCEDES-BENZ,CLS-CLASS
nhtsa_safety_2019.json,2026-08-28 16:05:12.636,2019,E-CLASS," E Class",15048,2019 Mercedes-Benz E-Class SW 4WD,5,5,5,5,5,5,5,5,0.097,5,Standard,Standard,Optional,54,21,0,2019,MERCEDES-BENZ,E-CLASS
nhtsa_safety_2019.json,2026-08-28 16:05:12.636,2019,E-CLASS," E Class",15047,2019 Mercedes-Benz E-Class 4 DR 4WD,5,5,5,5,5,5,5,5,0.097,5,Standard,Standard,Optional,54,21,0,2019,MERCEDES-BENZ,E-CLASS
nhtsa_safety_2019.json,2026-08-28 16:05:12.636,2019,E-CLASS," E Class",15044,2019 Mercedes-Benz E-Class SW RWD,5,5,5,5,5,5,5,5,0.097,5,Standard,Standard,Optional,54,21,0,2019,MERCEDES-BENZ,E-CLASS
nhtsa_safety_2019.json,2026-08-28 16:05:12.636,2019,E-CLASS," E Class",15043,2019 Mercedes-Benz E-Class 4 DR RWD,5,5,5,5,5,5,5,5,0.097,5,Standard,Standard,Optional,54,21,0,2019,MERCEDES-BENZ,E-CLASS
nhtsa_safety_2019.json,2026-08-28 16:05:12.636,2019,E-CLASS," E Class",14064,2019 Mercedes-Benz E-Class 2 DR 4WD,Not Rated,Not Rated,Not Rated,Not Rated,Not Rated,Not Rated,Not Rated,Not Rated,0,Not Rated,Standard,Standard,Optional,54,21,0,2019,MERCEDES-BENZ,E-CLASS
nhtsa_safety_2019.json,2026-08-28 16:05:12.636,2019,E-CLASS," E Class",14039,2019 Mercedes-Benz E-Class 2 DR RWD,Not Rated,Not Rated,Not Rated,Not Rated,Not Rated,Not Rated,Not Rated,Not Rated,0,Not Rated,Standard,Standard,Optional,54,21,0,2019,MERCEDES-BENZ,E-CLASS
nhtsa_safety_2019.json,2026-08-28 16:05:12.636,2019,G-CLASS," G Class",14040,2019 Mercedes-Benz G-Class SUV 4WD,Not Rated,Not Rated,Not Rated,Not Rated,Not Rated,Not Rated,Not Rated,Not Rated,0,Not Rated,Standard,Standard,No,6,13,0,2019,MERCEDES-BENZ,G-CLASS
nhtsa_safety_2019.json,2026-08-28 16:05:12.636,2019,GLA-CLASS," GLA Class",14065,2019 Mercedes-Benz GLA-Class SUV 4WD,Not Rated,Not Rated,Not Rated,Not Rated,Not Rated,Not Rated,Not Rated,Not Rated,0,Not Rated,Standard,Optional,Optional,29,11,1,2019,MERCEDES-BENZ,GLA-CLASS
nhtsa_safety_2019.json,2026-08-28 16:05:12.636,2019,GLA-CLASS," GLA Class",14041,2019 Mercedes-Benz GLA-Class SUV FWD,Not Rated,Not Rated,Not Rated,Not Rated,Not Rated,Not Rated,Not Rated,Not Rated,0,Not Rated,Standard,Optional,Optional,29,11,1,2019,MERCEDES-BENZ,GLA-CLASS
nhtsa_safety_2019.json,2026-08-28 16:05:12.636,2019,GLC-CLASS," GLC Class",15049,2019 Mercedes-Benz GLC-Class SUV 4WD,5,5,5,5,5,5,5,4,0.186,5,Standard,Optional,Optional,68,14,2,2019,MERCEDES-BENZ,GLC-CLASS
nhtsa_safety_2019.json,2026-08-28 16:05:12.636,2019,GLC-CLASS," GLC Class",15045,2019 Mercedes-Benz GLC-Class SUV RWD,5,5,5,5,5,5,5,4,0.184,5,Standard,Optional,Optional,68,14,2,2019,MERCEDES-BENZ,GLC-CLASS
nhtsa_safety_2019.json,2026-08-28 16:05:12.636,2019,GLE-CLASS," GLE Class",14073,2019 Mercedes-Benz GLE-Class SUV RWD,Not Rated,Not Rated,Not Rated,Not Rated,Not Rated,Not Rated,Not Rated,4,0.198,Not Rated,Standard,Optional,Optional,32,6,1,2019,MERCEDES-BENZ,GLE-CLASS
nhtsa_safety_2019.json,2026-08-28 16:05:12.636,2019,GLE-CLASS," GLE Class",14072,2019 Mercedes-Benz GLE-Class SUV 4WD,Not Rated,Not Rated,Not Rated,Not Rated,Not Rated,Not Rated,Not Rated,4,0.179,Not Rated,Standard,Optional,Optional,32,6,1,2019,MERCEDES-BENZ,GLE-CLASS
nhtsa_safety_2019.json,2026-08-28 16:05:12.636,2019,GLS-CLASS," GLS Class",14045,2019 Mercedes-Benz GLS-Class SUV 4WD,Not Rated,Not Rated,Not Rated,Not Rated,Not Rated,Not Rated,Not Rated,Not Rated,0,Not Rated,Standard,Optional,Optional,27,3,0,2019,MERCEDES-BENZ,GLS-CLASS
nhtsa_safety_2019.json,2026-08-28 16:05:12.636,2019,S-CLASS," S Class",14071,2019 Mercedes-Benz S-Class 2 DR 4WD,Not Rated,Not Rated,Not Rated,Not Rated,Not Rated,Not Rated,Not Rated,Not Rated,0,Not Rated,Standard,Standard,Optional,16,14,1,2019,MERCEDES-BENZ,S-CLASS
nhtsa_safety_2019.json,2026-08-28 16:05:12.636,2019,S-CLASS," S Class",14068,2019 Mercedes-Benz S-Class 4 DR 4WD,Not Rated,Not Rated,Not Rated,Not Rated,Not Rated,Not Rated,Not Rated,Not Rated,0,Not Rated,Standard,Standard,Optional,16,14,1,2019,MERCEDES-BENZ,S-CLASS
nhtsa_safety_2019.json,2026-08-28 16:05:12.636,2019,S-CLASS," S Class",14053,2019 Mercedes-Benz S-Class 2 DR RWD,Not Rated,Not Rated,Not Rated,Not Rated,Not Rated,Not Rated,Not Rated,Not Rated,0,Not Rated,Standard,Standard,Optional,16,14,1,2019,MERCEDES-BENZ,S-CLASS
nhtsa_safety_2019.json,2026-08-28 16:05:12.636,2019,S-CLASS," S Class",14050,2019 Mercedes-Benz S-Class 4 DR RWD,Not Rated,Not Rated,Not Rated,Not Rated,Not Rated,Not Rated,Not Rated,Not Rated,0,Not Rated,Standard,Standard,Optional,16,14,1,2019,MERCEDES-BENZ,S-CLASS
nhtsa_safety_2019.json,2026-08-28 16:05:12.636,2019,SL-CLASS," SL CLASS",14055,2019 Mercedes-Benz SL-Class C RWD,Not Rated,Not Rated,Not Rated,Not Rated,Not Rated,Not Rated,Not Rated,Not Rated,0,Not Rated,Standard,Optional,Optional,0,4,0,2019,MERCEDES-BENZ,SL-CLASS
nhtsa_safety_2006.json,2026-08-28 16:05:12.636,2006,C-CLASS," C Class",1759,2006 Mercedes-Benz C-Class 4-DR. w/SAB,Not Rated,Not Rated,4,4,Not Rated,5,5,Not Rated,0,Not Rated,Standard,No,No,183,7,1,2006,MERCEDES-BENZ,C-CLASS
nhtsa_safety_2006.json,2026-08-28 16:05:12.636,2006,E-CLASS," E Class",1760,2006 Mercedes-Benz E-Class 4-DR. w/SAB,Not Rated,Not Rated,4,4,Not Rated,5,5,Not Rated,0,Not Rated,Standard,No,No,536,6,3,2006,MERCEDES-BENZ,E-CLASS
nhtsa_safety_2015.json,2026-08-28 16:05:12.636,2015,C-CLASS," C Class",9682,2015 Mercedes-Benz C-Class 2 DR RWD,Not Rated,Not Rated,Not Rated,Not Rated,Not Rated,Not Rated,Not Rated,Not Rated,0,Not Rated,Standard,Optional,Optional,441,14,3,2015,MERCEDES-BENZ,C-CLASS
nhtsa_safety_2015.json,2026-08-28 16:05:12.636,2015,C-CLASS," C Class",9681,2015 Mercedes-Benz C-Class 2 DR 4WD,Not Rated,Not Rated,Not Rated,Not Rated,Not Rated,Not Rated,Not Rated,Not Rated,0,Not Rated,Standard,Optional,Optional,441,14,3,2015,MERCEDES-BENZ,C-CLASS
nhtsa_safety_2015.json,2026-08-28 16:05:12.636,2015,C-CLASS," C Class",9680,2015 Mercedes-Benz C-Class 4 DR RWD,4,4,5,4,5,5,4,4,0.11,5,Standard,Standard,Optional,441,14,3,2015,MERCEDES-BENZ,C-CLASS
nhtsa_safety_2015.json,2026-08-28 16:05:12.636,2015,C-CLASS," C Class",9679,2015 Mercedes-Benz C-Class 4 DR 4WD,4,4,5,4,5,5,4,4,0.11,5,Standard,Standard,Optional,441,14,3,2015,MERCEDES-BENZ,C-CLASS
nhtsa_safety_2015.json,2026-08-28 16:05:12.636,2015,CL-CLASS," CL Class",9684,2015 Mercedes-Benz Cl-Class 2 DR RWD,Not Rated,Not Rated,Not Rated,Not Rated,Not Rated,Not Rated,Not Rated,Not Rated,0,Not Rated,Standard,Standard,Optional,0,0,0,2015,MERCEDES-BENZ,CL-CLASS
nhtsa_safety_2015.json,2026-08-28 16:05:12.636,2015,CL-CLASS," CL Class",9683,2015 Mercedes-Benz Cl-Class 2 DR 4WD,Not Rated,Not Rated,Not Rated,Not Rated,Not Rated,Not Rated,Not Rated,Not Rated,0,Not Rated,Standard,Standard,Optional,0,0,0,2015,MERCEDES-BENZ,CL-CLASS
nhtsa_safety_2015.json,2026-08-28 16:05:12.636,2015,CLA-CLASS," CLA Class",9686,2015 Mercedes-Benz Cla-Class 4 DR FWD,Not Rated,Not Rated,Not Rated,Not Rated,Not Rated,Not Rated,Not Rated,Not Rated,0,Not Rated,Standard,Standard,Optional,157,7,2,2015,MERCEDES-BENZ,CLA-CLASS
nhtsa_safety_2015.json,2026-08-28 16:05:12.636,2015,CLA-CLASS," CLA Class",9685,2015 Mercedes-Benz Cla-Class 4 DR 4WD,Not Rated,Not Rated,Not Rated,Not Rated,Not Rated,Not Rated,Not Rated,Not Rated,0,Not Rated,Standard,Optional,Optional,157,7,2,2015,MERCEDES-BENZ,CLA-CLASS
nhtsa_safety_2015.json,2026-08-28 16:05:12.636,2015,CLS-CLASS," CLS Class",9688,2015 Mercedes-Benz Cls-Class 4 DR RWD,Not Rated,Not Rated,Not Rated,Not Rated,Not Rated,Not Rated,Not Rated,Not Rated,0,Not Rated,Standard,Standard,Optional,9,4,1,2015,MERCEDES-BENZ,CLS-CLASS
nhtsa_safety_2015.json,2026-08-28 16:05:12.636,2015,CLS-CLASS," CLS Class",9687,2015 Mercedes-Benz Cls-Class 4 DR 4WD,Not Rated,Not Rated,Not Rated,Not Rated,Not Rated,Not Rated,Not Rated,Not Rated,0,Not Rated,Standard,Standard,Optional,9,4,1,2015,MERCEDES-BENZ,CLS-CLASS
nhtsa_safety_2015.json,2026-08-28 16:05:12.636,2015,E-CLASS," E Class",9692,2015 Mercedes-Benz E-Class 2 DR RWD,Not Rated,Not Rated,Not Rated,Not Rated,Not Rated,Not Rated,Not Rated,Not Rated,0,Not Rated,Standard,Standard,Optional,57,10,2,2015,MERCEDES-BENZ,E-CLASS
nhtsa_safety_2015.json,2026-08-28 16:05:12.636,2015,E-CLASS," E Class",9691,2015 Mercedes-Benz E-Class 2 DR 4WD,Not Rated,Not Rated,Not Rated,Not Rated,Not Rated,Not Rated,Not Rated,Not Rated,0,Not Rated,Standard,Standard,Optional,57,10,2,2015,MERCEDES-BENZ,E-CLASS
nhtsa_safety_2015.json,2026-08-28 16:05:12.636,2015,E-CLASS," E Class",9227,2015 Mercedes-Benz E-CLASS SW 4WD,4,4,4,4,5,5,5,5,0.099,3,Standard,Standard,Optional,57,10,2,2015,MERCEDES-BENZ,E-CLASS
nhtsa_safety_2015.json,2026-08-28 16:05:12.636,2015,E-CLASS," E Class",9226,2015 Mercedes-Benz E-CLASS SW RWD,4,4,4,4,5,5,5,5,0.099,3,Standard,Standard,Optional,57,10,2,2015,MERCEDES-BENZ,E-CLASS
nhtsa_safety_2015.json,2026-08-28 16:05:12.636,2015,E-CLASS," E Class",9225,2015 Mercedes-Benz E-Class 4 DR 4WD,4,4,4,4,5,5,5,5,0.099,3,Standard,Standard,Optional,57,10,2,2015,MERCEDES-BENZ,E-CLASS
nhtsa_safety_2015.json,2026-08-28 16:05:12.636,2015,E-CLASS," E Class",9224,2015 Mercedes-Benz E-Class 4 DR RWD,4,4,4,4,5,5,5,5,0.099,3,Standard,Standard,Optional,57,10,2,2015,MERCEDES-BENZ,E-CLASS
nhtsa_safety_2015.json,2026-08-28 16:05:12.636,2015,G-CLASS," G Class",9693,2015 Mercedes-Benz G-Class SUV AWD,Not Rated,Not Rated,Not Rated,Not Rated,Not Rated,Not Rated,Not Rated,Not Rated,0,Not Rated,Standard,No,No,3,2,0,2015,MERCEDES-BENZ,G-CLASS
nhtsa_safety_2015.json,2026-08-28 16:05:12.636,2015,GL-CLASS," GL Class",9694,2015 Mercedes-Benz GL-Class SUV 4WD,Not Rated,Not Rated,Not Rated,Not Rated,Not Rated,Not Rated,Not Rated,Not Rated,0,Not Rated,Standard,Optional,Optional,34,3,0,2015,MERCEDES-BENZ,GL-CLASS
nhtsa_safety_2015.json,2026-08-28 16:05:12.636,2015,GLA-CLASS," GLA Class",9696,2015 Mercedes-Benz GLA-Class 4 DR FWD,Not Rated,Not Rated,Not Rated,Not Rated,Not Rated,Not Rated,Not Rated,Not Rated,0,Not Rated,Standard,Optional,Optional,100,5,2,2015,MERCEDES-BENZ,GLA-CLASS
nhtsa_safety_2015.json,2026-08-28 16:05:12.636,2015,GLA-CLASS," GLA Class",9695,2015 Mercedes-Benz GLA-Class 4 DR 4WD,Not Rated,Not Rated,Not Rated,Not Rated,Not Rated,Not Rated,Not Rated,Not Rated,0,Not Rated,Standard,Optional,Optional,100,5,2,2015,MERCEDES-BENZ,GLA-CLASS
nhtsa_safety_2015.json,2026-08-28 16:05:12.636,2015,S-CLASS," S Class",9700,2015 Mercedes-Benz S-Class 4 DR RWD,Not Rated,Not Rated,Not Rated,Not Rated,Not Rated,Not Rated,Not Rated,Not Rated,0,Not Rated,Standard,Standard,Optional,51,9,2,2015,MERCEDES-BENZ,S-CLASS
nhtsa_safety_2015.json,2026-08-28 16:05:12.636,2015,S-CLASS," S Class",9699,2015 Mercedes-Benz S-Class 4 DR 4WD,Not Rated,Not Rated,Not Rated,Not Rated,Not Rated,Not Rated,Not Rated,Not Rated,0,Not Rated,Standard,Standard,Optional,51,9,2,2015,MERCEDES-BENZ,S-CLASS
nhtsa_safety_2015.json,2026-08-28 16:05:12.636,2015,SL-CLASS," SL CLASS",9703,2015 Mercedes-Benz SL-Class C RWD,Not Rated,Not Rated,Not Rated,Not Rated,Not Rated,Not Rated,Not Rated,Not Rated,0,Not Rated,Standard,No,Optional,4,3,1,2015,MERCEDES-BENZ,SL-CLASS
nhtsa_safety_2020.json,2026-08-28 16:05:12.636,2020,A-CLASS," A Class",15091,2020 Mercedes-Benz A-Class 4 DR 4WD,Not Rated,Not Rated,Not Rated,Not Rated,Not Rated,Not Rated,Not Rated,Not Rated,0,Not Rated,Standard,No,Optional,21,10,0,2020,MERCEDES-BENZ,A-CLASS
nhtsa_safety_2020.json,2026-08-28 16:05:12.636,2020,A-CLASS," A Class",15065,2020 Mercedes-Benz A-Class 4 DR FWD,Not Rated,Not Rated,Not Rated,Not Rated,Not Rated,Not Rated,Not Rated,Not Rated,0,Not Rated,Standard,No,Optional,21,10,0,2020,MERCEDES-BENZ,A-CLASS
nhtsa_safety_2020.json,2026-08-28 16:05:12.636,2020,C-CLASS," C Class",15080,2020 Mercedes-Benz C-Class 2 DR 4WD,Not Rated,Not Rated,Not Rated,Not Rated,Not Rated,Not Rated,Not Rated,Not Rated,0,Not Rated,Standard,No,No,46,12,1,2020,MERCEDES-BENZ,C-CLASS
nhtsa_safety_2020.json,2026-08-28 16:05:12.636,2020,C-CLASS," C Class",15079,2020 Mercedes-Benz C-Class 4 DR 4WD,Not Rated,4,5,4,Not Rated,Not Rated,Not Rated,4,0.11,Not Rated,Standard,No,No,46,12,1,2020,MERCEDES-BENZ,C-CLASS
nhtsa_safety_2020.json,2026-08-28 16:05:12.636,2020,C-CLASS," C Class",15051,2020 Mercedes-Benz C-Class 2 DR RWD,Not Rated,Not Rated,Not Rated,Not Rated,Not Rated,Not Rated,Not Rated,Not Rated,0,Not Rated,Standard,No,No,46,12,1,2020,MERCEDES-BENZ,C-CLASS
nhtsa_safety_2020.json,2026-08-28 16:05:12.636,2020,C-CLASS," C Class",15050,2020 Mercedes-Benz C-Class 4 DR RWD,Not Rated,4,5,4,Not Rated,Not Rated,Not Rated,4,0.11,Not Rated,Standard,No,No,46,12,1,2020,MERCEDES-BENZ,C-CLASS
nhtsa_safety_2020.json,2026-08-28 16:05:12.636,2020,CLA-CLASS," CLA Class",15092,2020 Mercedes-Benz CLA-Class 4 DR 4WD,Not Rated,Not Rated,Not Rated,Not Rated,Not Rated,Not Rated,Not Rated,Not Rated,0,Not Rated,Standard,No,Optional,23,13,0,2020,MERCEDES-BENZ,CLA-CLASS
nhtsa_safety_2020.json,2026-08-28 16:05:12.636,2020,CLA-CLASS," CLA Class",15066,2020 Mercedes-Benz CLA-Class 4 DR FWD,Not Rated,Not Rated,Not Rated,Not Rated,Not Rated,Not Rated,Not Rated,Not Rated,0,Not Rated,Standard,No,Optional,23,13,0,2020,MERCEDES-BENZ,CLA-CLASS
nhtsa_safety_2020.json,2026-08-28 16:05:12.636,2020,CLS-CLASS," CLS Class",15086,2020 Mercedes-Benz CLS-Class 4 DR 4WD,Not Rated,Not Rated,Not Rated,Not Rated,Not Rated,Not Rated,Not Rated,Not Rated,0,Not Rated,Standard,No,No,6,8,0,2020,MERCEDES-BENZ,CLS-CLASS
nhtsa_safety_2020.json,2026-08-28 16:05:12.636,2020,CLS-CLASS," CLS Class",15057,2020 Mercedes-Benz CLS-Class 4 DR RWD,Not Rated,Not Rated,Not Rated,Not Rated,Not Rated,Not Rated,Not Rated,Not Rated,0,Not Rated,Standard,No,No,0,1,0,2020,MERCEDES-BENZ,CLS-CLASS
nhtsa_safety_2020.json,2026-08-28 16:05:12.636,2020,E-CLASS," E Class",15084,2020 Mercedes-Benz E-Class 2 DR 4WD,Not Rated,Not Rated,Not Rated,Not Rated,Not Rated,Not Rated,Not Rated,Not Rated,0,Not Rated,Standard,No,No,20,15,0,2020,MERCEDES-BENZ,E-CLASS
nhtsa_safety_2020.json,2026-08-28 16:05:12.636,2020,E-CLASS," E Class",15082,2020 Mercedes-Benz E-Class 4 DR 4WD,5,5,5,5,5,5,5,5,0.097,5,Standard,No,No,20,15,0,2020,MERCEDES-BENZ,E-CLASS
nhtsa_safety_2020.json,2026-08-28 16:05:12.636,2020,E-CLASS," E Class",15055,2020 Mercedes-Benz E-Class 2 DR RWD,Not Rated,Not Rated,Not Rated,Not Rated,Not Rated,Not Rated,Not Rated,Not Rated,0,Not Rated,Standard,No,No,20,15,0,2020,MERCEDES-BENZ,E-CLASS
nhtsa_safety_2020.json,2026-08-28 16:05:12.636,2020,E-CLASS," E Class",15053,2020 Mercedes-Benz E-Class 4 DR RWD,5,5,5,5,5,5,5,5,0.097,5,Standard,No,No,20,15,0,2020,MERCEDES-BENZ,E-CLASS
nhtsa_safety_2020.json,2026-08-28 16:05:12.636,2020,G-CLASS," G Class",15074,2020 Mercedes-Benz G-Class SUV 4WD,Not Rated,Not Rated,Not Rated,Not Rated,Not Rated,Not Rated,Not Rated,Not Rated,0,Not Rated,Standard,Standard,No,2,8,0,2020,MERCEDES-BENZ,G-CLASS
nhtsa_safety_2020.json,2026-08-28 16:05:12.636,2020,GLA-CLASS," GLA Class",15093,2020 Mercedes-Benz GLA-Class SUV 4WD,Not Rated,Not Rated,Not Rated,Not Rated,Not Rated,Not Rated,Not Rated,Not Rated,0,Not Rated,Standard,No,Optional,9,5,1,2020,MERCEDES-BENZ,GLA-CLASS
nhtsa_safety_2020.json,2026-08-28 16:05:12.636,2020,GLA-CLASS," GLA Class",15067,2020 Mercedes-Benz GLA-Class SUV FWD,Not Rated,Not Rated,Not Rated,Not Rated,Not Rated,Not Rated,Not Rated,Not Rated,0,Not Rated,Standard,No,Optional,9,5,1,2020,MERCEDES-BENZ,GLA-CLASS
nhtsa_safety_2020.json,2026-08-28 16:05:12.636,2020,GLB-CLASS," GLB Class",15094,2020 Mercedes-Benz GLB-Class SUV 4WD,Not Rated,Not Rated,Not Rated,Not Rated,Not Rated,Not Rated,Not Rated,Not Rated,0,Not Rated,Standard,Standard,No,57,20,0,2020,MERCEDES-BENZ,GLB-CLASS
nhtsa_safety_2020.json,2026-08-28 16:05:12.636,2020,GLB-CLASS," GLB Class",15068,2020 Mercedes-Benz GLB-Class SUV FWD,Not Rated,Not Rated,Not Rated,Not Rated,Not Rated,Not Rated,Not Rated,Not Rated,0,Not Rated,Standard,Standard,No,57,20,0,2020,MERCEDES-BENZ,GLB-CLASS
nhtsa_safety_2020.json,2026-08-28 16:05:12.636,2020,GLC-CLASS," GLC Class",15095,2020 Mercedes-Benz GLC-Class SUV 4WD,Not Rated,Not Rated,Not Rated,Not Rated,5,5,5,4,0.186,5,Standard,Standard,No,78,20,2,2020,MERCEDES-BENZ,GLC-CLASS
nhtsa_safety_2020.json,2026-08-28 16:05:12.636,2020,GLC-CLASS," GLC Class",15069,2020 Mercedes-Benz GLC-Class SUV RWD,Not Rated,Not Rated,Not Rated,Not Rated,5,5,5,4,0.184,5,Standard,Standard,No,78,20,2,2020,MERCEDES-BENZ,GLC-CLASS
nhtsa_safety_2020.json,2026-08-28 16:05:12.636,2020,GLE-CLASS," GLE Class",15097,2020 Mercedes-Benz GLE-Class SUV 4WD,Not Rated,Not Rated,Not Rated,Not Rated,Not Rated,Not Rated,Not Rated,Not Rated,0,Not Rated,Standard,Standard,No,123,36,0,2020,MERCEDES-BENZ,GLE-CLASS
nhtsa_safety_2020.json,2026-08-28 16:05:12.636,2020,GLE-CLASS," GLE Class",15073,2020 Mercedes-Benz GLE-Class SUV RWD,Not Rated,Not Rated,Not Rated,Not Rated,Not Rated,Not Rated,Not Rated,Not Rated,0,Not Rated,Standard,Standard,No,123,36,0,2020,MERCEDES-BENZ,GLE-CLASS
nhtsa_safety_2020.json,2026-08-28 16:05:12.636,2020,GLS-CLASS," GLS Class",15075,2020 Mercedes-Benz GLS-Class SUV 4WD,Not Rated,Not Rated,Not Rated,Not Rated,Not Rated,Not Rated,Not Rated,Not Rated,0,Not Rated,Standard,Standard,No,38,24,0,2020,MERCEDES-BENZ,GLS-CLASS
nhtsa_safety_2020.json,2026-08-28 16:05:12.636,2020,S-CLASS," S Class",15089,2020 Mercedes-Benz S-Class 2 DR 4WD,Not Rated,Not Rated,Not Rated,Not Rated,Not Rated,Not Rated,Not Rated,Not Rated,0,Not Rated,Standard,No,No,7,7,2,2020,MERCEDES-BENZ,S-CLASS
nhtsa_safety_2020.json,2026-08-28 16:05:12.636,2020,S-CLASS," S Class",15087,2020 Mercedes-Benz S-Class 4 DR 4WD,Not Rated,Not Rated,Not Rated,Not Rated,Not Rated,Not Rated,Not Rated,Not Rated,0,Not Rated,Standard,No,No,7,7,2,2020,MERCEDES-BENZ,S-CLASS
nhtsa_safety_2020.json,2026-08-28 16:05:12.636,2020,S-CLASS," S Class",15061,2020 Mercedes-Benz S-Class 2 DR RWD,Not Rated,Not Rated,Not Rated,Not Rated,Not Rated,Not Rated,Not Rated,Not Rated,0,Not Rated,Standard,No,No,7,7,2,2020,MERCEDES-BENZ,S-CLASS
nhtsa_safety_2020.json,2026-08-28 16:05:12.636,2020,S-CLASS," S Class",15058,2020 Mercedes-Benz S-Class 4 DR RWD,Not Rated,Not Rated,Not Rated,Not Rated,Not Rated,Not Rated,Not Rated,Not Rated,0,Not Rated,Standard,No,No,7,7,2,2020,MERCEDES-BENZ,S-CLASS
nhtsa_safety_2020.json,2026-08-28 16:05:12.636,2020,SL-CLASS," SL CLASS",15063,2020 Mercedes-Benz SL-Class C RWD,Not Rated,Not Rated,Not Rated,Not Rated,Not Rated,Not Rated,Not Rated,Not Rated,0,Not Rated,Standard,No,No,2,3,0,2020,MERCEDES-BENZ,SL-CLASS
