TEST_ID,ACTUAL_TEST_TIME_SECONDS,PREDICTED_TEST_TIME_SECONDS,HAND_TUNED_PREDICTED_TEST_TIME_SECONDS,BASELINE_PREDICTED_TEST_TIME_SECONDS
2140,97.94,94.68691221818843,97.60538461803664,100.68579447579448
310,96.41,93.99803951440842,93.04846767983616,100.68579447579448
4779,105.83,113.02809536864999,113.70546758971795,100.68579447579448
385,79.09,76.92647328867695,77.31933126519024,100.68579447579448
5180,108.69,112.38914311844712,114.95688602482414,100.68579447579448
5534,94.60,94.27503393412053,99.32844834440493,100.68579447579448
7411,84.48,93.99847801137592,93.42754165858722,100.68579447579448
1994,110.24,103.03782168517637,100.8947167200645,100.68579447579448
5713,120.80,103.39656008446079,102.37040999586758,100.68579447579448
5722,122.66,112.39732214155059,112.68412856599674,100.68579447579448
4628,85.94,78.0753275998764,81.074670523088,100.68579447579448
6560,88.05,94.39122735310332,95.18883915740247,100.68579447579448
6545,90.01,94.03595240203681,93.30670594608745,100.68579447579448
4705,140.25,103.10499856303399,102.27518399281718,100.68579447579448
348,98.25,94.0575163238603,93.34509545252402,100.68579447579448
175,101.59,94.09494615490725,94.05769563354278,100.68579447579448
1179,105.43,112.3212950371689,112.51474552422206,100.68579447579448
208,91.94,93.9951344272628,93.22008029935473,100.68579447579448
977,93.02,94.03040617333795,93.95177339736365,100.68579447579448
958,110.20,113.79104615472994,113.97905968795095,100.68579447579448
4925,111.74,112.72092030897164,118.7463530302398,100.68579447579448
7498,92.64,93.95976852685281,92.51262648607909,100.68579447579448
6191,90.17,94.14021498424977,92.74221806539265,100.68579447579448
8226,97.74,102.95619139319598,104.24669046896966,100.68579447579448
3433,91.14,93.99680162265018,94.73424466739222,100.68579447579448
853,110.10,112.35749077906954,112.62726953148768,100.68579447579448
2611,87.81,94.04450643684012,93.82125118175789,100.68579447579448
4334,73.79,78.4376434485651,82.40779969488844,100.68579447579448
590,90.52,94.05515569704046,93.16999752561098,100.68579447579448
1891,90.71,94.76031432327989,95.67718827962452,100.68579447579448
2430,88.34,93.93060343555119,92.01656647635856,100.68579447579448
1804,99.18,102.52708415560802,103.25833415811341,100.68579447579448
545,89.40,94.14153141481982,93.8758086974636,100.68579447579448
6842,112.83,112.19829951118894,110.74348621497568,100.68579447579448
7004,96.65,94.20088838531585,98.93311202526621,100.68579447579448
3310,108.51,112.40875664578476,116.3043998931231,100.68579447579448
232,112.75,112.76592111169506,112.12208867368747,100.68579447579448
5339,102.08,94.0480314501297,94.70333741917844,100.68579447579448
6777,105.49,94.01998726997206,93.04869161955163,100.68579447579448
6131,96.21,93.98345128499001,93.93820860520626,100.68579447579448
3999,108.88,112.65088414946399,117.46887949357975,100.68579447579448
5895,109.90,112.29189022525415,110.99844779918543,100.68579447579448
6113,89.11,94.08452725154136,97.4620003589471,100.68579447579448
5327,130.00,112.48913971743316,113.31998530711554,100.68579447579448
1158,91.56,94.05091697272506,94.40740615648114,100.68579447579448
5359,87.91,94.0345239037465,95.6310053607006,100.68579447579448
6650,95.97,93.98571123023045,92.82710780229061,100.68579447579448
4090,101.27,102.90357171230015,102.04838340953594,100.68579447579448
1573,111.25,112.25020806747956,111.86819756245663,100.68579447579448
887,104.07,103.07775545789391,102.66106136512605,100.68579447579448
4543,91.83,94.06291805580102,94.33205623361883,100.68579447579448
7671,103.90,102.15099717397366,100.85735262630558,100.68579447579448
5026,109.97,106.71097776138052,106.82477851938562,100.68579447579448
2499,99.24,102.84303594418897,102.30964197198911,100.68579447579448
1344,103.90,93.98336868409821,92.77826494045036,100.68579447579448
3598,90.76,94.01633515435455,93.00951078397284,100.68579447579448
1732,91.58,94.0221805087849,93.0423153096252,100.68579447579448
6428,106.23,112.27364619664174,112.50400740913152,100.68579447579448
2336,93.65,94.093179238775,93.92857552921592,100.68579447579448
5330,92.08,93.99100775810605,93.32082479658051,100.68579447579448
3997,106.91,112.28448911985524,112.06333783140937,100.68579447579448
6605,77.68,77.44729665705758,78.5919904335164,100.68579447579448
1495,97.99,94.60495404461493,94.3130168578182,100.68579447579448
7096,94.84,94.00609836113145,93.58169343314725,100.68579447579448
4450,89.73,79.14739672395837,81.70662301226552,100.68579447579448
5120,92.22,93.95675029274666,94.71449244677841,100.68579447579448
3481,92.94,93.98956788512042,92.63998632369795,100.68579447579448
6647,110.84,103.87750719832766,103.4457345951596,100.68579447579448
1055,99.55,103.07775545789391,102.66106136512605,100.68579447579448
7041,96.79,93.9887590639056,92.70439935088329,100.68579447579448
535,92.23,93.99124402555502,92.99880822364197,100.68579447579448
7739,85.20,93.86944078358765,92.05253454308162,100.68579447579448
1491,88.81,93.9979151975035,93.8212536745532,100.68579447579448
6744,109.60,112.2456319355827,110.19605817497421,100.68579447579448
1405,91.62,94.33948450473991,92.28360186440905,100.68579447579448
7317,112.34,112.24218104155148,111.23721023694827,100.68579447579448
6408,93.24,96.3719976336158,102.61215477424835,100.68579447579448
736,108.43,112.21572263383756,110.62531275934532,100.68579447579448
371,89.48,94.11753582055321,94.03045150283334,100.68579447579448
5066,93.06,94.46057312783054,98.60199611032684,100.68579447579448
1108,115.92,112.22836859994158,110.78718821461028,100.68579447579448
2310,111.74,117.13755674434312,122.36280164336779,100.68579447579448
4056,109.13,112.44186028052945,111.93494392073264,100.68579447579448
4950,137.49,112.23388432521432,111.56190055144623,100.68579447579448
3543,115.24,112.37881329298871,113.58430386366135,100.68579447579448
2534,88.18,94.60495404461493,95.9411235939683,100.68579447579448
2727,107.50,103.12037581406504,102.16046888525187,100.68579447579448
2631,110.16,117.95589979421524,115.40610655693871,100.68579447579448
2315,89.51,94.02577502251287,93.78841527922114,100.68579447579448
3250,89.62,94.26214473723945,96.34106378174994,100.68579447579448
7111,97.12,93.9703427575337,91.97544242638564,100.68579447579448
4136,125.84,103.10499856303399,100.30271620131711,100.68579447579448
5374,89.24,94.11449692582751,93.85493537011097,100.68579447579448
418,102.89,102.94827016019302,102.78027255899879,100.68579447579448
8093,111.68,111.70187103743248,109.46445523228468,100.68579447579448
4180,88.99,94.00532320880575,93.44412569351563,100.68579447579448
3676,109.79,112.9581715879824,121.20588786512846,100.68579447579448
319,108.97,121.61104304644138,118.12560172268108,100.68579447579448
955,97.47,94.06933543431074,93.12795206069855,100.68579447579448
5545,88.69,94.1488407158602,95.76484598537984,100.68579447579448
3616,72.94,82.38972432586644,80.8221788518494,100.68579447579448
3649,107.97,102.1341379508852,100.68056677843926,100.68579447579448
1370,91.44,94.01300134294533,94.32690132125508,100.68579447579448
2695,91.24,93.94085918692312,92.11507656401119,100.68579447579448
6742,91.17,94.09780456094403,94.3938654412213,100.68579447579448
4812,108.76,112.28976705649106,111.39806171471292,100.68579447579448
1207,93.90,94.0955503435081,95.32229335381673,100.68579447579448
5198,98.14,94.40050264059369,94.1760588084956,100.68579447579448
2081,108.36,112.45730569662534,114.08541512988893,100.68579447579448
2612,93.77,93.99570812731825,93.61627351104258,100.68579447579448
3492,100.46,102.1341379508852,100.68056677843926,100.68579447579448
2393,90.37,94.06468957408956,93.70865925144447,100.68579447579448
4746,99.82,103.06625190146558,102.76154178353747,100.68579447579448
5436,98.84,94.19891326500927,95.57657338732359,100.68579447579448
3203,102.14,103.73342563693573,102.27521985258966,100.68579447579448
5265,84.27,77.25587517953917,76.91423382877242,100.68579447579448
4881,100.86,103.83000057334866,105.44640272745569,100.68579447579448
4065,92.08,94.08316777720388,96.48312737116325,100.68579447579448
3334,87.72,95.11425868952834,94.5274564660219,100.68579447579448
3375,107.69,112.40202731961409,112.0463271430432,100.68579447579448
8180,99.68,102.86254128215218,102.86881048678084,100.68579447579448
3907,101.60,106.61155184205093,105.26707811171609,100.68579447579448
2786,100.87,93.98255739850268,94.79122568214225,100.68579447579448
5735,108.28,112.25691620985485,110.71429971822465,100.68579447579448
444,87.66,95.17703766992604,98.96250761340153,100.68579447579448
8114,93.50,93.93931622110989,93.49929780601778,100.68579447579448
7348,103.70,94.0746203935308,92.89177636224957,100.68579447579448
7038,110.66,112.51639474742674,116.46811777044076,100.68579447579448
2618,95.33,93.98942452592269,93.949283665001,100.68579447579448
7307,119.38,102.05318190880753,100.81719894412907,100.68579447579448
7089,105.28,102.88573858859384,102.18471523260612,100.68579447579448
1243,101.47,94.1657312406455,97.45351549532624,100.68579447579448
5899,74.99,77.07990131875407,76.98448508309559,100.68579447579448
154,89.91,94.39122735310332,94.02349954555217,100.68579447579448
3158,111.31,112.30968220388326,112.27989357571296,100.68579447579448
389,99.08,104.4387042632764,105.78813930071549,100.68579447579448
2874,106.65,112.39523186229582,111.18366165711372,100.68579447579448
75,104.85,94.12502807799437,94.29377173733462,100.68579447579448
27,108.67,112.50074518071376,110.09434104399102,100.68579447579448
3325,88.47,94.0098891367627,92.9141216172815,100.68579447579448
7084,76.32,76.67587060441983,75.27017566586193,100.68579447579448
376,110.55,112.7945043992889,115.13763797882667,100.68579447579448
6090,96.92,101.95305001404283,99.39556798094088,100.68579447579448
7009,121.57,113.45079393876387,117.01369986471855,100.68579447579448
320,87.65,93.99215137398157,93.71405453603761,100.68579447579448
7237,93.20,93.98903344560325,94.63861491482454,100.68579447579448
1245,107.51,111.65409128495385,110.59080933101504,100.68579447579448
634,113.98,112.35943413601792,111.27756417336522,100.68579447579448
1100,104.73,112.21426768823076,111.25364683942317,100.68579447579448
3297,104.92,95.29921194503545,114.76304620144933,100.68579447579448
1464,111.50,112.23204637610283,111.18133714746423,100.68579447579448
3854,89.09,94.08679899240992,93.37870691780407,100.68579447579448
4753,88.20,94.27027612300024,94.05554687113735,100.68579447579448
5405,108.36,112.21498183283225,111.49035213652223,100.68579447579448
6733,107.74,112.59161893742971,111.66868287096163,100.68579447579448
331,90.68,94.05419852112624,93.35742341532222,100.68579447579448
4261,96.93,94.0378824380841,93.58746511187265,100.68579447579448
4576,101.57,111.02077625666116,112.12012275432909,100.68579447579448
938,118.18,102.49048638076974,102.44082469077247,100.68579447579448
5269,115.44,112.50326470874681,115.62891274709693,100.68579447579448
1557,91.68,94.03432025759795,96.05632466788673,100.68579447579448
4725,92.84,94.26081799553837,94.5070558516847,100.68579447579448
5894,87.17,94.08117439751454,95.09151458263663,100.68579447579448
3643,95.15,93.94085918692312,91.98052693380933,100.68579447579448
7268,97.07,103.27106217650277,101.98037412821692,100.68579447579448
7824,87.14,93.88178218687341,93.72895108140858,100.68579447579448
4106,92.18,94.45946055557746,94.10732827238535,100.68579447579448
7654,105.40,112.40102366856583,113.16725688368636,100.68579447579448
3661,115.10,115.87538147116535,123.02584571119384,100.68579447579448
1549,111.02,102.40038968798345,102.98137545702978,100.68579447579448
8133,75.90,77.51914969611981,77.27121759827332,100.68579447579448
596,114.34,115.85812556609027,121.4976845931384,100.68579447579448
5619,89.01,94.12762462203631,93.63256065779507,100.68579447579448
2260,94.81,94.08518881615484,93.78020948995982,100.68579447579448
6808,94.10,94.00232729448295,93.47480801625714,100.68579447579448
7732,112.53,115.75321477759418,115.67594292390166,100.68579447579448
2049,90.10,95.45665478797471,102.26124453535881,100.68579447579448
655,86.98,93.98990204658243,93.5394352098656,100.68579447579448
7238,94.77,94.07629608032103,93.42265230879417,100.68579447579448
427,108.85,112.27719547053957,111.43672459619351,100.68579447579448
1649,122.20,103.30913778193847,103.8117976719233,100.68579447579448
4525,107.90,112.26520635132805,111.33205112854156,100.68579447579448
5158,109.97,114.28762765919497,115.8830605340942,100.68579447579448
3104,90.66,94.1294897814488,94.90828925445084,100.68579447579448
1302,113.62,112.23388432521432,111.0912295608418,100.68579447579448
6034,98.59,93.99580146386013,93.41443804436288,100.68579447579448
1699,101.46,103.81082414419238,107.53686166066214,100.68579447579448
40,114.13,102.86889931822265,102.98880358248189,100.68579447579448
5392,88.16,94.12693235040756,96.34769542634469,100.68579447579448
7621,114.46,113.38871506227832,114.91961529220775,100.68579447579448
3693,125.44,112.26539324313163,112.19571174136735,100.68579447579448
3580,122.01,113.43800441604178,116.17442940892447,100.68579447579448
3589,114.51,94.01578831740144,92.84650617677879,100.68579447579448
3432,107.71,112.49527153354585,114.38280234833839,100.68579447579448
627,89.17,93.94068471245632,92.08951649804092,100.68579447579448
7497,91.17,94.0152133067607,92.82208201215224,100.68579447579448
3494,114.18,103.10499856303399,101.16168224648723,100.68579447579448
7393,93.83,93.95299828434712,93.10224689253235,100.68579447579448
6166,115.39,112.25061431200118,112.62714118164196,100.68579447579448
4124,109.29,112.25691620985485,110.6987512194203,100.68579447579448
7700,92.34,94.00610957457286,92.76445758210092,100.68579447579448
3438,108.33,112.28372399891909,111.40884727339015,100.68579447579448
153,118.24,103.50435499673452,102.59124005973217,100.68579447579448
7300,87.24,94.04574765144709,91.94709870765524,100.68579447579448
3525,98.10,94.13807023051872,93.32613756131059,100.68579447579448
5067,135.14,112.37016228872213,112.4801767451777,100.68579447579448
6546,121.11,103.40561539271414,102.41767865737717,100.68579447579448
6102,99.69,103.51105927454647,104.01767998412826,100.68579447579448
6133,89.51,94.23902388315136,99.41742321037306,100.68579447579448
2682,89.38,94.95801170754724,96.39597587922437,100.68579447579448
478,118.45,94.04241257392275,93.31311325418719,100.68579447579448
2897,112.88,93.94085918692312,92.11507656401119,100.68579447579448
3568,95.71,93.99862112228251,92.85717140704868,100.68579447579448
2086,91.07,101.69019709793218,96.43409992180362,100.68579447579448
7065,97.74,96.38858787031502,101.64118054183078,100.68579447579448
7651,99.06,94.02727520440786,93.23510408756367,100.68579447579448
1350,119.57,94.05837105270075,93.7522384142621,100.68579447579448
2452,98.33,94.0132095250337,93.06388479733175,100.68579447579448
2196,111.86,112.61174178893431,112.4966509690999,100.68579447579448
7482,98.64,102.96500846253147,102.54777433912854,100.68579447579448
6710,108.76,112.2417620236426,111.817068849195,100.68579447579448
5181,88.53,94.04425354574833,93.83698383146029,100.68579447579448
7921,110.93,103.13102342304833,102.80030793962356,100.68579447579448
5138,98.33,94.1698570841937,94.11267298740289,100.68579447579448
2593,111.55,112.23919473279825,111.18641151548599,100.68579447579448
7203,95.73,93.99205803948041,92.84544322059114,100.68579447579448
7126,91.52,94.12600726015478,94.01160041568797,100.68579447579448
403,116.20,112.46565385964757,113.90856637127081,100.68579447579448
5891,107.09,112.32178056565402,112.3409245396446,100.68579447579448
4879,90.16,94.46057312783054,95.36684882747068,100.68579447579448
3957,103.03,94.00011520574324,94.77553693219906,100.68579447579448
5363,105.05,94.01472887321934,93.76817748279556,100.68579447579448
613,89.44,94.13071836217114,94.3914986042157,100.68579447579448
37,99.15,94.04619925781692,93.80631236066547,100.68579447579448
8248,108.05,112.45608054307075,111.91416843862181,100.68579447579448
6268,94.62,94.23614697324953,98.05767789853354,100.68579447579448
4027,92.60,93.98943044910767,92.33707390345762,100.68579447579448
976,101.11,103.57341858680101,104.60341212524835,100.68579447579448
2491,96.05,94.02629341597056,93.42126351713523,100.68579447579448
7290,91.40,93.96580520330056,92.74607220924263,100.68579447579448
3588,74.35,77.59619540356861,78.04311892429942,100.68579447579448
1602,100.59,103.6057790476417,105.81666080978452,100.68579447579448
2314,111.31,112.93506046524384,119.90289650546505,100.68579447579448
1577,107.62,103.52451535326179,105.39434376640831,100.68579447579448
7533,85.86,93.97902275918321,92.1630840070641,100.68579447579448
1163,97.90,94.15472317364727,95.30375481991032,100.68579447579448
4197,89.89,94.86992712769431,97.30335759672622,100.68579447579448
2429,110.21,103.09798894779729,103.37414228988408,100.68579447579448
4091,88.45,94.14239267500413,94.32039704541462,100.68579447579448
4826,96.36,94.32665566153146,93.46450086825627,100.68579447579448
2099,100.55,103.07479873644053,103.76507897399117,100.68579447579448
5483,118.77,112.6053087557495,109.71586102633468,100.68579447579448
5311,84.53,94.02385120077099,93.43580722416296,100.68579447579448
2029,92.73,94.84865772578378,94.14164018128207,100.68579447579448
5632,98.90,103.16931786178542,102.07724340983351,100.68579447579448
1830,88.38,94.26883263038702,93.18208066455927,100.68579447579448
7614,94.40,93.9987353360115,93.66630638791152,100.68579447579448
4220,112.94,112.28412829301024,112.39869284048635,100.68579447579448
7056,108.80,116.25243788881802,120.74579668221777,100.68579447579448
4454,109.65,102.80443703674688,102.09202058334367,100.68579447579448
4664,101.29,94.03631217967654,94.19149626915012,100.68579447579448
8174,104.88,112.30697953064809,111.12202743274041,100.68579447579448
4600,125.75,112.2260114316848,111.97396113664139,100.68579447579448
1568,95.22,94.1005229575503,93.709376027429,100.68579447579448
5737,97.26,103.54551107747322,102.54247477962952,100.68579447579448
4311,110.92,112.46383698454828,114.89011388394347,100.68579447579448
4658,91.04,94.58346519144048,96.08426661718448,100.68579447579448
2708,88.02,93.98020014549212,93.76596192310195,100.68579447579448
6010,111.04,113.34760558628763,113.11446913836166,100.68579447579448
6148,90.80,94.08452725154136,94.59542594165917,100.68579447579448
2961,111.85,113.17152412282519,115.12441183982685,100.68579447579448
4588,93.05,94.0250556907533,93.6838930684523,100.68579447579448
5030,113.67,112.19510357391967,110.57630442362473,100.68579447579448
282,110.96,112.27334661581226,111.63288339778435,100.68579447579448
2917,111.09,112.31010820440095,113.82401949304668,100.68579447579448
1164,108.92,103.57405921653736,102.58061760309967,100.68579447579448
4624,107.36,112.77512369799832,112.30272558802311,100.68579447579448
6233,93.97,93.9979151975035,93.7839578859912,100.68579447579448
3732,91.43,94.15327788769645,93.9499172916511,100.68579447579448
7140,94.47,94.09519840210615,94.57574369800092,100.68579447579448
8213,107.29,103.59492963895154,104.3764607221874,100.68579447579448
950,91.99,94.00146655391578,94.76190323015031,100.68579447579448
5121,133.09,112.26204173313059,113.9147984112748,100.68579447579448
4517,99.15,93.98059121048297,93.26531467389472,100.68579447579448
4050,80.20,77.7634109972407,78.57558007207969,100.68579447579448
3437,93.29,93.99037616149604,93.36686654022853,100.68579447579448
729,84.65,93.99504035584144,95.21552794877002,100.68579447579448
5037,111.42,113.0585081641239,112.74104606254613,100.68579447579448
2368,88.29,94.15934918660113,93.88810616028567,100.68579447579448
4131,105.94,112.25691620985485,110.79705001347443,100.68579447579448
1079,90.54,93.97107478757124,92.83651323230436,100.68579447579448
7022,100.59,105.1378321313816,102.92557055935549,100.68579447579448
6187,94.83,94.07343001575565,96.22513160536734,100.68579447579448
4121,122.40,112.31005131048397,112.46583265367383,100.68579447579448
1273,94.29,94.03595514418815,93.32313738327046,100.68579447579448
801,108.93,112.31502315127761,111.90807590547443,100.68579447579448
1655,82.24,76.5604216912043,75.99165282828285,100.68579447579448
286,92.36,93.97740945107812,93.37837428512181,100.68579447579448
2896,115.22,113.76852145229408,112.52560902633674,100.68579447579448
6232,110.00,112.97175144365606,114.22173838119045,100.68579447579448
5246,111.19,112.20297354171679,111.82406322266888,100.68579447579448
6134,102.14,102.78418600910115,102.06828177608577,100.68579447579448
6013,99.64,94.23902388315136,99.41742321037306,100.68579447579448
3608,93.94,93.9754560545308,92.94746354286684,100.68579447579448
1819,110.87,113.60333104235453,112.72840408008659,100.68579447579448
5900,87.86,94.10970951837844,96.33718610929536,100.68579447579448
74,106.87,112.49550510870324,113.68671094112095,100.68579447579448
3023,94.60,103.96097560712947,103.50214888833396,100.68579447579448
6716,105.82,93.98943044910767,92.31362165663714,100.68579447579448
7944,86.38,94.02231567895959,92.4474317801303,100.68579447579448
2206,97.41,94.05299125566044,94.68562293854073,100.68579447579448
1929,89.97,94.22939656371796,93.42945207262314,100.68579447579448
5438,89.72,93.99787506961519,94.45234626999718,100.68579447579448
2938,114.92,112.54998803437479,116.51720731930189,100.68579447579448
5820,147.22,102.03708137554933,100.28688405064493,100.68579447579448
3295,89.30,94.10814354869844,93.7527171139683,100.68579447579448
7724,88.86,93.86603917939046,91.57562989252835,100.68579447579448
5501,98.42,102.45984148790812,101.29506978505313,100.68579447579448
840,89.99,94.1141213988911,93.90612313367389,100.68579447579448
3362,98.07,94.06816549675081,94.1307075992995,100.68579447579448
7222,110.84,116.17331890459276,115.4590081790128,100.68579447579448
2935,98.51,93.98942452592269,93.49741760749265,100.68579447579448
2177,128.36,112.38480385136108,110.13716166789001,100.68579447579448
7460,90.03,94.01685630104198,92.8694574885132,100.68579447579448
1326,76.81,79.83090109132631,77.52222510656011,100.68579447579448
4024,112.53,112.44186028052945,111.93494392073264,100.68579447579448
461,97.42,94.00068006915726,93.36238570528025,100.68579447579448
3566,109.61,112.26087051354666,111.49603022716452,100.68579447579448
7406,116.13,116.39944090788597,118.8552498953492,100.68579447579448
359,108.25,112.30801935376694,113.2721232166877,100.68579447579448
3235,125.76,116.23170343572298,118.3865332542984,100.68579447579448
7243,90.28,94.07411956161688,93.1834223164227,100.68579447579448
5615,106.85,112.42212325292273,112.45152587786475,100.68579447579448
4448,93.87,94.00309880764262,94.99010415308183,100.68579447579448
6263,89.51,95.62555274675984,99.63596948304614,100.68579447579448
4643,90.36,94.06702603687077,93.71150970370537,100.68579447579448
3387,99.94,103.36928891171857,103.23411299205588,100.68579447579448
1136,114.39,112.26344241558938,114.42610418410487,100.68579447579448
695,97.75,102.7782561905317,105.9159611808713,100.68579447579448
3328,125.72,93.98213699217489,92.11832976193837,100.68579447579448
7119,118.72,112.18627303136937,111.95534209128235,100.68579447579448
2095,102.76,102.04621122659269,100.52618506865046,100.68579447579448
7229,90.41,94.02118219576292,94.28519505787382,100.68579447579448
1264,95.75,94.01606073673778,93.00880480383492,100.68579447579448
3019,107.98,112.34271612362495,111.6458676581165,100.68579447579448
109,110.52,112.49550510870324,113.68671094112095,100.68579447579448
8171,112.97,112.27364619664174,112.40982249796753,100.68579447579448
6265,85.55,94.0176336975168,94.81783810892667,100.68579447579448
1737,97.57,104.30014647952318,110.41661105152107,100.68579447579448
107,139.20,112.3845386946446,110.81317443732058,100.68579447579448
966,107.68,93.99380360383675,93.16465328301877,100.68579447579448
8384,107.24,112.24269629708283,107.63288853084963,100.68579447579448
987,79.99,77.47887805969799,77.64299827950312,100.68579447579448
1484,110.48,112.22439077610841,111.31326157390303,100.68579447579448
4442,94.24,94.05786984726166,93.05615408736817,100.68579447579448
5282,103.20,112.35704916413152,112.8497426640621,100.68579447579448
4213,88.77,94.12706766789788,93.79646289666749,100.68579447579448
4946,98.16,94.26270890696019,94.56390644883693,100.68579447579448
3727,109.24,112.31032746287123,112.15200581223844,100.68579447579448
503,91.01,94.01380795720156,93.17994636857391,100.68579447579448
6451,95.28,93.97315438771871,92.44261386091958,100.68579447579448
4304,108.80,112.2772177759533,110.8216061213747,100.68579447579448
6849,96.49,102.8508413132539,100.97529055907407,100.68579447579448
5712,116.87,94.10789746087548,94.52134176207663,100.68579447579448
3095,96.45,94.62238535789373,94.52409526936168,100.68579447579448
8126,88.51,93.98154810213329,92.71276884884877,100.68579447579448
644,102.70,103.18036877137041,104.30315713488184,100.68579447579448
5487,88.82,94.08910405819118,94.17808136326248,100.68579447579448
5082,93.62,94.37366510103983,96.6262755373517,100.68579447579448
907,108.85,112.42495854803056,114.12658050709213,100.68579447579448
7053,88.46,94.05503116625182,92.71691837671383,100.68579447579448
4719,99.28,102.68740709613768,101.82702661976198,100.68579447579448
895,100.95,102.21353251045265,101.6682998374852,100.68579447579448
7677,90.22,94.00374106510074,93.1197974805124,100.68579447579448
4204,113.52,112.2772177759533,111.2628334088279,100.68579447579448
4785,114.58,116.79276589481701,122.54056287171163,100.68579447579448
6027,104.33,94.017913208541,95.01093542578361,100.68579447579448
5008,88.08,95.30200842565202,99.12047389517642,100.68579447579448
1321,93.38,94.05744315151883,94.57748605928028,100.68579447579448
1564,98.28,94.0166107789391,94.98180534314668,100.68579447579448
614,99.48,102.90025814019799,102.83326613234163,100.68579447579448
4695,95.46,94.35618445261748,97.91725005109072,100.68579447579448
3402,91.62,94.00622036722602,93.26316011488753,100.68579447579448
1581,118.90,112.39442910103979,113.10816685379446,100.68579447579448
2077,116.21,115.65114263499555,117.72136703788229,100.68579447579448
4014,91.23,94.08125856565935,94.75756621328006,100.68579447579448
7710,89.26,94.07977732762048,94.33178341419963,100.68579447579448
6244,111.91,112.24402087339071,110.16661757976031,100.68579447579448
6422,141.09,113.80501199720823,113.72447107989228,100.68579447579448
2041,99.51,104.37721908590522,108.08059316365066,100.68579447579448
2276,104.92,112.29830443729938,112.87148103801775,100.68579447579448
2028,115.13,116.30507303685148,118.80017208150258,100.68579447579448
4476,108.71,103.10499856303399,101.9204978464419,100.68579447579448
6598,107.87,112.37561947387978,110.64735988449561,100.68579447579448
6695,91.30,93.93329617501465,91.68152602440932,100.68579447579448
4253,89.37,94.0374600485865,94.70859465170412,100.68579447579448
7066,100.10,103.19083141094828,101.9836055897397,100.68579447579448
6918,98.03,103.14430344125326,103.98403342013782,100.68579447579448
7806,89.37,93.8942844848662,91.24294730550737,100.68579447579448
3087,94.08,94.44854624115922,94.95007101595897,100.68579447579448
6266,73.53,77.46587118158833,76.9922343153347,100.68579447579448
6887,109.66,112.21580778556095,110.30267740515654,100.68579447579448
7687,120.12,113.2783221208318,113.26580878066378,100.68579447579448
2833,108.30,112.25393056840142,111.53161038813587,100.68579447579448
4748,88.14,94.22436710500678,95.75013404084582,100.68579447579448
5170,110.10,113.60539048974992,113.40069741709662,100.68579447579448
3451,108.03,112.31032746287123,112.39388695153146,100.68579447579448
4694,106.40,112.88045890112181,115.69806272331942,100.68579447579448
5182,78.71,77.53131491834203,77.49385653558599,100.68579447579448
2506,112.57,112.2677605826619,111.36372319809158,100.68579447579448
5553,89.34,94.09233761892116,96.22666543529631,100.68579447579448
202,98.91,94.08452725154136,93.68587260623214,100.68579447579448
5337,102.88,94.14243320441507,95.01813294747093,100.68579447579448
7985,106.36,111.67780365869122,109.46065318589514,100.68579447579448
7737,115.88,113.17811004781795,111.23019041666663,100.68579447579448
6559,129.45,112.2479140615791,111.30064762832345,100.68579447579448
52,120.77,112.49550510870324,113.68671094112095,100.68579447579448
1591,97.02,94.01872767277685,95.06565841239895,100.68579447579448
3175,107.70,112.28448911985524,112.06244969091144,100.68579447579448
7642,98.61,103.53549566097382,103.08645880516607,100.68579447579448
4252,96.21,103.40298504851097,103.5629063566515,100.68579447579448
2775,110.24,112.19912454228574,110.48625020191938,100.68579447579448
7856,86.93,93.88773903775592,92.67874309254005,100.68579447579448
6674,110.58,113.16329247497018,112.05906851631737,100.68579447579448
369,100.85,102.67313170760032,104.58289339911249,100.68579447579448
778,122.47,112.60596390785862,111.75195885475638,100.68579447579448
7490,118.44,116.41535473389332,118.02439524919888,100.68579447579448
3065,111.45,112.32784286570924,112.87449864414938,100.68579447579448
631,88.59,94.04313912032758,93.27446574344368,100.68579447579448
4630,111.01,114.81459420991928,115.28121204314228,100.68579447579448
6228,101.14,103.17394075288443,104.76877465917286,100.68579447579448
435,102.58,106.44300680186706,111.66028252690896,100.68579447579448
4455,91.43,94.44190370606385,93.5455061337855,100.68579447579448
2661,106.13,112.80034745137044,116.5467415375452,100.68579447579448
1468,108.56,115.78408089955774,111.65367781440777,100.68579447579448
3821,97.86,94.00152779369165,93.52230942112642,100.68579447579448
6378,104.36,102.97921158466187,101.78312060112897,100.68579447579448
7326,101.52,102.96500846253147,102.54777433912854,100.68579447579448
5634,104.28,112.2691604005444,111.74726784152497,100.68579447579448
2467,88.16,94.09914127346215,92.52330930247822,100.68579447579448
5571,106.32,103.26587389642128,103.19524863875895,100.68579447579448
4022,98.83,103.121319646753,102.0948581232273,100.68579447579448
7778,94.27,103.12704940336144,101.71576016831516,100.68579447579448
1784,158.53,102.9161386497373,103.24725825958609,100.68579447579448
4924,92.60,94.178263929824,94.40959370271736,100.68579447579448
213,93.62,94.03299032079798,93.23523469872522,100.68579447579448
2144,95.77,94.6587828783151,94.97852997876693,100.68579447579448
1068,111.15,112.7320600238009,115.77633999658012,100.68579447579448
803,111.92,112.21572263383756,110.62531275934532,100.68579447579448
2641,91.67,94.02574124207236,93.65631644442419,100.68579447579448
1183,93.65,94.03391395347006,94.70059971304221,100.68579447579448
6483,89.33,94.0176336975168,92.96214237616695,100.68579447579448
1127,95.56,94.23099480669504,99.45763813553776,100.68579447579448
261,90.99,93.96245882389387,93.1046231823084,100.68579447579448
7867,108.71,112.28949975946824,111.9156883475168,100.68579447579448
1501,98.97,94.03327268522261,94.88589277563622,100.68579447579448
328,108.87,112.40875664578476,116.11736850098643,100.68579447579448
4540,99.46,103.66202807022388,104.35323695499618,100.68579447579448
1589,110.23,112.536254264231,112.91031075846573,100.68579447579448
5070,132.65,103.04438747264163,103.28500270233762,100.68579447579448
1435,89.74,93.99723081728729,93.5407508498986,100.68579447579448
3458,104.60,102.01817520282371,100.43710972175766,100.68579447579448
5817,92.66,94.14151679410007,94.14159542342979,100.68579447579448
8290,88.44,93.99778436931193,92.8412751407798,100.68579447579448
607,107.67,102.52500486909548,103.0433198527401,100.68579447579448
7428,116.68,116.376121367616,118.49998368329743,100.68579447579448
3685,94.50,94.04795214933489,94.23087148514912,100.68579447579448
2819,106.32,102.67872764121512,107.99260856200219,100.68579447579448
3942,108.99,112.30147899955557,111.71096160342573,100.68579447579448
3052,81.08,77.49668216869875,77.34551757364515,100.68579447579448
207,115.43,112.49550510870324,113.68671094112095,100.68579447579448
4704,90.14,94.33110970754366,95.27143661517903,100.68579447579448
4962,131.69,94.40621609365145,96.79364996485643,100.68579447579448
8215,92.72,94.00522623269921,92.7193515900904,100.68579447579448
481,116.50,103.26331245652264,102.90083729111957,100.68579447579448
6241,126.41,102.82920770438425,101.4570200404381,100.68579447579448
6578,87.05,93.92287727164876,91.57976761137863,100.68579447579448
2763,89.38,94.06507152899697,92.85168615843823,100.68579447579448
6205,107.30,112.23533936843303,111.22184501550859,100.68579447579448
6960,89.94,94.05982394397249,93.29175602823523,100.68579447579448
1086,106.81,112.21572263383756,110.62531275934532,100.68579447579448
2343,122.65,112.31169548634085,110.60591367484494,100.68579447579448
2069,89.06,78.80350679884161,79.4230412097625,100.68579447579448
4245,91.88,94.01279545828314,93.51999762840681,100.68579447579448
3904,93.57,95.93575435077341,102.37335514771168,100.68579447579448
8157,91.38,93.90610576731218,93.92362402330662,100.68579447579448
892,90.06,94.07571725599598,94.38835346135464,100.68579447579448
808,93.21,94.03321750681852,93.07722435022748,100.68579447579448
3062,93.58,94.07580236597957,94.08950886175107,100.68579447579448
4057,92.91,94.17702916637761,94.45322847768796,100.68579447579448
897,119.99,102.6136710057568,103.94170274752425,100.68579447579448
5703,116.55,112.27448490278793,112.2731132958218,100.68579447579448
8074,91.81,93.86790543994144,91.45744513798289,100.68579447579448
1345,109.53,112.23059143049603,112.43907048964698,100.68579447579448
2545,91.38,93.99834248102958,93.91025048827089,100.68579447579448
3009,75.82,77.16073470262718,77.50414832530224,100.68579447579448
5448,86.16,77.31117110671994,77.27834078444086,100.68579447579448
7568,90.99,93.95226615710327,92.65422832559331,100.68579447579448
1160,90.76,94.10227002337878,95.09077202753276,100.68579447579448
5295,91.47,94.02759135408597,93.26526426891319,100.68579447579448
6988,89.98,93.99680162265018,93.52415564603233,100.68579447579448
7485,90.05,94.08633235314744,92.70563809444774,100.68579447579448
2112,88.26,94.76751095168122,95.78850709763711,100.68579447579448
5893,121.85,112.3603565811036,111.43342056515327,100.68579447579448
6921,129.65,111.7173249854814,109.61647946708197,100.68579447579448
374,99.06,103.32401633640906,104.4855441999966,100.68579447579448
4417,94.50,94.19801147541405,94.65106712787085,100.68579447579448
2755,90.13,94.0238475298373,93.83978206736721,100.68579447579448
7829,103.31,112.41762370764906,112.49425793623021,100.68579447579448
6073,98.59,94.03018922899663,93.92428422920692,100.68579447579448
125,93.81,94.04398852707057,96.2983490045022,100.68579447579448
5102,105.89,94.7752326382972,99.72118623138266,100.68579447579448
3964,88.92,94.03680560896736,91.80038416306208,100.68579447579448
8083,103.85,103.68306735032736,103.78728812425966,100.68579447579448
4189,88.44,94.19801147541405,95.39606168412487,100.68579447579448
160,79.03,77.6270071986382,76.33971465835397,100.68579447579448
3754,107.30,112.2772177759533,111.17498854937702,100.68579447579448
3652,92.82,94.06398491069461,93.45123133650884,100.68579447579448
6009,92.66,93.99465081516968,93.81125520668678,100.68579447579448
4696,80.29,77.597348333784,77.50777639044217,100.68579447579448
5261,94.05,94.07476884532029,92.07975745057679,100.68579447579448
8212,90.11,94.0043323941908,94.45497946062724,100.68579447579448
5643,90.85,94.10846451022941,96.56743729128775,100.68579447579448
127,119.44,116.29743436868247,116.23060690155665,100.68579447579448
791,107.76,112.22745098934422,110.86248154437195,100.68579447579448
847,103.98,112.21572263383756,110.62531275934532,100.68579447579448
4870,89.20,94.31667357726752,94.04210470698764,100.68579447579448
3700,89.38,94.16980430804033,95.611635087617,100.68579447579448
2855,88.87,93.99928889375936,92.41718009831868,100.68579447579448
61,104.07,102.87764137802117,101.08313153996104,100.68579447579448
431,109.11,106.0688546686633,106.00087568968533,100.68579447579448
6157,94.85,103.35320203032025,101.81971077234249,100.68579447579448
4464,89.44,94.05137092501523,94.47662816077411,100.68579447579448
5264,89.48,94.11830258274496,95.61284287290064,100.68579447579448
3591,108.97,94.0436915885885,94.40620455023677,100.68579447579448
4512,107.45,116.07496782835871,114.9053192098616,100.68579447579448
2486,89.41,94.08368792694729,93.48423216524166,100.68579447579448
6892,87.00,93.98884081784983,93.5311891957827,100.68579447579448
5192,88.51,93.94910731262203,93.89556244102387,100.68579447579448
7766,97.98,103.95561636706918,102.74464672568494,100.68579447579448
639,74.00,77.53131491834203,77.47990875420072,100.68579447579448
1311,122.40,112.44987599157318,113.98765630427908,100.68579447579448
4302,91.88,94.01561942937711,93.02657759502746,100.68579447579448
6934,107.85,112.38833675268329,111.51806783539563,100.68579447579448
4053,90.41,94.20707684013071,95.56499155369606,100.68579447579448
5195,108.12,102.86522049028815,102.59968999069184,100.68579447579448
7539,109.21,112.62560417868805,114.59709733578815,100.68579447579448
1032,90.46,94.00609836113145,94.05878003864042,100.68579447579448
7418,102.51,112.21972475556855,110.71834364529525,100.68579447579448
8055,105.36,112.38174237725322,111.30439544501697,100.68579447579448
2094,97.00,95.02465011352737,96.17183777927181,100.68579447579448
108,85.44,93.9493757950857,92.92785612520146,100.68579447579448
1476,93.26,94.01231465191876,93.39443407515984,100.68579447579448
4794,96.99,94.25832961108871,96.20095365715495,100.68579447579448
700,115.50,112.34925547109427,112.3694659773496,100.68579447579448
6640,94.45,93.92287727164876,91.65922726852807,100.68579447579448
7729,99.12,103.15539451639779,102.55737772965253,100.68579447579448
2555,113.34,102.80443703674688,101.91054136652137,100.68579447579448
7475,97.02,103.5861788139234,103.26855769516507,100.68579447579448
2495,110.47,112.52102541956145,111.96183495739828,100.68579447579448
2061,115.81,112.49205356563553,111.75867047383171,100.68579447579448
1048,94.44,94.08895046635696,93.81901633103857,100.68579447579448
6039,112.75,112.82053045463496,112.71939277269031,100.68579447579448
4071,114.40,112.20806703384314,110.74535528231122,100.68579447579448
4935,108.98,112.2456319355827,110.81863011236439,100.68579447579448
509,89.85,93.99731491281419,93.34370007862778,100.68579447579448
1540,93.47,94.00579966121002,93.99843541026402,100.68579447579448
2702,113.86,112.47290233843599,112.7004628920923,100.68579447579448
3489,95.87,94.00271756478183,92.96332123580598,100.68579447579448
5152,115.27,112.20639479470124,112.17155344388775,100.68579447579448
4366,86.90,94.01342862647141,93.97642743526669,100.68579447579448
7745,88.70,93.88096037064447,92.92864173894512,100.68579447579448
1715,98.93,103.33028146312638,103.9431129955578,100.68579447579448
4451,90.62,94.00155543596043,93.63691938917854,100.68579447579448
8169,92.26,93.93853870807393,91.99313540167368,100.68579447579448
584,105.23,94.14153141481982,94.78968053973956,100.68579447579448
2207,115.82,117.13178347971598,121.09512002823124,100.68579447579448
5163,109.12,112.35531790778133,111.85961206046036,100.68579447579448
4832,90.75,94.28620681928727,97.93296393815399,100.68579447579448
3114,120.91,112.6548797244991,116.94245500252754,100.68579447579448
5278,105.25,103.13703791295846,104.75257297957529,100.68579447579448
524,106.40,112.21426768823076,110.96983503062687,100.68579447579448
7996,117.40,112.24274141847165,111.37689864372713,100.68579447579448
3915,110.02,112.27659832263785,111.21298648619177,100.68579447579448
2999,93.40,94.00627213112865,93.16056348007784,100.68579447579448
4260,103.10,102.93436708699613,102.70753120201816,100.68579447579448
131,94.83,103.29131233405022,104.23529460029313,100.68579447579448
3794,87.57,93.9979151975035,93.78969222699595,100.68579447579448
5145,108.59,102.81055327016787,102.73459360113657,100.68579447579448
2078,90.59,94.24621613165883,93.17522852842738,100.68579447579448
3764,107.85,112.2721220965797,110.97390287118347,100.68579447579448
1980,106.52,112.47457977355832,113.93752383381336,100.68579447579448
1443,78.19,77.03291679984403,77.64322522300071,100.68579447579448
4199,90.44,94.05495405063749,93.83115617423928,100.68579447579448
2827,88.69,94.10381938898784,94.1440644191096,100.68579447579448
7607,108.06,112.62007484185393,112.1989889150433,100.68579447579448
2456,91.85,94.01710767480226,92.89486032028655,100.68579447579448
8209,73.25,77.54323410190771,77.4877269874631,100.68579447579448
6720,88.98,93.98585440686368,93.33607053389701,100.68579447579448
3447,95.64,93.98462145247555,93.47146638494722,100.68579447579448
6452,98.37,102.04480151990515,100.41037778831952,100.68579447579448
34,82.62,94.28361854947586,94.0383455491208,100.68579447579448
1397,94.60,94.00764972065318,94.85676714665026,100.68579447579448
640,92.92,94.11205846816998,93.77055837291554,100.68579447579448
2756,105.95,94.03536711689412,94.47777461599287,100.68579447579448
4687,84.56,93.98869537267244,94.51219255468554,100.68579447579448
6400,97.84,94.01325341965057,92.93349874508209,100.68579447579448
6061,83.09,77.98715420476672,80.4540594353233,100.68579447579448
5228,89.37,94.05155702958726,97.46788861376953,100.68579447579448
6708,96.10,93.99723081728729,92.55155207335261,100.68579447579448
6404,88.34,94.07604250314553,93.38379527992622,100.68579447579448
2551,76.64,77.28602327578587,77.53453013402037,100.68579447579448
8144,91.94,93.88167573122374,93.68181956860776,100.68579447579448
2959,101.79,102.85649769683327,102.16707689469904,100.68579447579448
6563,106.41,112.26932760702172,112.54058155466205,100.68579447579448
2843,114.10,112.69882206435398,111.75656576264933,100.68579447579448
1858,92.95,94.8286591537534,95.62218259031513,100.68579447579448
2651,88.57,94.00609836113145,93.30841035029103,100.68579447579448
2131,97.22,103.25123467895271,104.79528988898521,100.68579447579448
7792,93.86,103.38306553928679,102.2270192402597,100.68579447579448
813,108.08,112.21970645423605,112.13746133819261,100.68579447579448
5040,103.36,94.23880216851694,96.56491032964139,100.68579447579448
4681,81.18,78.39931115409293,82.51397938311688,100.68579447579448
455,134.43,134.4277821915863,110.92373626469538,100.68579447579448
3704,87.49,94.01761794818827,93.14481108857706,100.68579447579448
8417,110.85,94.04325324588721,92.95534561210746,100.68579447579448
8293,106.53,112.73433761436657,110.95973011798819,100.68579447579448
8223,118.41,111.68214927617092,107.71159556968463,100.68579447579448
1750,109.39,112.47126912763811,113.7978506474586,100.68579447579448
2543,92.21,94.04059783120468,98.45116002518245,100.68579447579448
6449,88.78,94.08726651416042,93.2580211024863,100.68579447579448
7453,94.41,93.99666312259367,92.4753589836573,100.68579447579448
7609,87.14,94.01343745624203,93.70617250994104,100.68579447579448
383,87.44,93.99535979759426,93.66195623538455,100.68579447579448
6772,113.80,113.5242159078499,119.76130880772001,100.68579447579448
6656,109.99,113.61718809088951,114.33192366916599,100.68579447579448
927,129.00,112.81575839033971,113.09386077290759,100.68579447579448
1439,89.56,94.01532223344357,93.03764168626012,100.68579447579448
7975,110.71,112.21747202970582,111.13389570867295,100.68579447579448
301,101.66,102.50854652282541,103.34019517733469,100.68579447579448
6687,101.76,103.02475943147063,102.23864205942627,100.68579447579448
528,76.64,76.7650829571309,77.25668486077089,100.68579447579448
4859,128.80,112.47218172976108,112.42962377169393,100.68579447579448
6956,88.99,94.0252767126059,93.82321112854056,100.68579447579448
145,111.74,112.38227927424494,113.87627046152362,100.68579447579448
7646,120.90,113.40112753738696,116.9744147294373,100.68579447579448
2894,111.10,112.60336024910798,117.59818582170365,100.68579447579448
3819,91.44,94.01651726449732,93.1168566128984,100.68579447579448
3509,115.05,112.29087897430252,112.25926711425512,100.68579447579448
6658,111.65,102.05459161549507,101.01297364773363,100.68579447579448
3872,113.01,112.41149304549513,112.85877665056172,100.68579447579448
2815,115.39,112.39861878643521,112.02609723727905,100.68579447579448
7880,85.82,93.92640686276897,92.11410164011829,100.68579447579448
7862,91.32,93.85895882616242,90.86274565994663,100.68579447579448
2188,79.22,78.76038360357057,79.58838703039567,100.68579447579448
3672,119.59,112.58129308873528,117.73525831534529,100.68579447579448
2445,105.65,112.93506046524384,119.90289650546505,100.68579447579448
1575,109.19,112.30775864139605,117.10956782761404,100.68579447579448
4579,90.87,93.99261421204434,93.30036675315537,100.68579447579448
2172,117.36,112.29407862593524,111.79660306834623,100.68579447579448
7329,91.41,94.07582426059517,94.5812078265869,100.68579447579448
555,104.56,102.58632875742917,106.88162036963045,100.68579447579448
2397,94.16,94.0202509957847,93.86563066420719,100.68579447579448
6683,101.62,104.88999686236419,105.73212987710805,100.68579447579448
3120,89.90,94.07580236597957,94.08950886175107,100.68579447579448
707,102.00,103.01430801310964,102.52474669006514,100.68579447579448
6155,106.96,126.62772270677657,119.06432064215349,100.68579447579448
597,108.43,111.86174826541559,111.45363972988537,100.68579447579448
3911,100.10,103.07020474605918,104.03023204012015,100.68579447579448
2418,101.18,104.37546791837242,106.77477793550554,100.68579447579448
1791,129.32,104.65786239625227,108.30105868523101,100.68579447579448
2997,94.18,94.0766092554237,93.91157591221449,100.68579447579448
2365,83.98,78.04867189339764,78.3883064367577,100.68579447579448
6982,90.20,94.21882331300733,94.24997911793494,100.68579447579448
810,116.16,93.97400817973373,92.74346395402603,100.68579447579448
3772,74.86,77.47172826171246,77.83805685440508,100.68579447579448
3424,96.59,103.20456171878658,105.90907307220559,100.68579447579448
1657,110.64,112.27532697811218,111.47161122719564,100.68579447579448
2367,114.12,105.05454751191608,104.42565950279005,100.68579447579448
8255,108.66,102.04614294400422,100.44313923141796,100.68579447579448
6620,88.23,93.9887590639056,92.63449405536689,100.68579447579448
6112,98.57,94.00303311541023,93.40608695845432,100.68579447579448
4230,88.06,94.07877644143132,95.15711515336224,100.68579447579448
2512,106.09,111.75726876327307,111.02529626785828,100.68579447579448
6503,100.11,94.06774990463622,93.24635593290033,100.68579447579448
2045,92.63,94.30224496570318,94.49877719681496,100.68579447579448
2916,92.91,94.54682405023192,94.33377513796367,100.68579447579448
8284,106.30,112.2060016039975,108.74401274679343,100.68579447579448
7731,92.81,94.00139005152072,94.44976843642104,100.68579447579448
2596,91.10,94.00619187557324,93.4757416096962,100.68579447579448
2449,114.80,102.24193026721393,101.03716074031696,100.68579447579448
134,95.57,93.93939966075993,94.89482517497353,100.68579447579448
165,114.76,94.03075051165118,93.71802958844599,100.68579447579448
732,73.34,78.02393471566207,79.71084370140517,100.68579447579448
2284,88.41,94.12779259625053,92.88438867916884,100.68579447579448
3582,116.51,112.2794273440988,111.87668355421486,100.68579447579448
3809,102.31,102.80443703674688,102.46514295819279,100.68579447579448
2211,97.46,102.96036932669648,103.53243163557202,100.68579447579448
5889,98.94,107.47271966679949,111.17459594804546,100.68579447579448
7958,99.74,106.11551929385583,110.20375275805455,100.68579447579448
3410,91.66,93.99607042117101,94.11893274498489,100.68579447579448
5549,94.74,94.52494578558166,94.51774034095718,100.68579447579448
3000,101.13,103.86155672674477,102.86575555595432,100.68579447579448
1631,87.47,94.02875072030149,94.49068199418954,100.68579447579448
7483,94.10,94.06563481322107,93.14259993157626,100.68579447579448
7973,110.44,115.85429652892334,115.42050487525624,100.68579447579448
268,87.09,93.96279011059808,94.2769644882764,100.68579447579448
3242,87.95,95.29921194503545,114.76304620144933,100.68579447579448
1594,105.66,112.44456291575474,110.86934842856623,100.68579447579448
2831,135.29,93.95061945670837,93.46117842543293,100.68579447579448
8003,109.32,112.41155442568076,114.18036530937374,100.68579447579448
1783,94.87,94.29931476426846,93.86729728372906,100.68579447579448
836,154.87,112.28678766725447,112.09302876071962,100.68579447579448
3363,117.29,103.17082915018068,102.78563449916271,100.68579447579448
1294,112.50,112.504849944724,114.96423020297156,100.68579447579448
8224,85.14,93.9539256682723,91.95320107018699,100.68579447579448
6103,103.71,94.14717341454504,94.70031033614407,100.68579447579448
7266,121.31,94.03372556492991,93.7563748565409,100.68579447579448
862,85.97,93.93601978119072,92.05121607727284,100.68579447579448
2729,97.86,102.82740758217483,101.99534501133476,100.68579447579448
7076,112.12,112.24305308749179,110.35830265317901,100.68579447579448
842,98.45,102.2026873609313,102.21041425918001,100.68579447579448
3258,95.80,94.02679221150727,93.81349842567239,100.68579447579448
760,91.04,94.07131481856764,92.72006703189807,100.68579447579448
68,76.01,76.96397685824844,77.31641501950105,100.68579447579448
6091,91.93,94.08125856565935,94.61571194130926,100.68579447579448
416,136.41,112.23528339893069,111.76665979010771,100.68579447579448
1628,121.18,94.00722052601607,93.67763442620762,100.68579447579448
5061,97.19,102.87108785335886,102.87306651694573,100.68579447579448
2296,101.00,102.83599697938565,102.31515935820582,100.68579447579448
8252,84.42,93.95467668699162,91.70601763244318,100.68579447579448
8103,99.66,103.41122037938767,101.59561911215943,100.68579447579448
5743,99.49,103.20136513883277,105.04872260604589,100.68579447579448
3294,82.21,77.4365205644792,76.5323136271105,100.68579447579448
4309,92.31,94.05808046774298,93.23473600185966,100.68579447579448
5799,111.50,94.21518103336749,95.12386372826532,100.68579447579448
917,96.48,94.14564374656227,93.19897667260598,100.68579447579448
832,112.66,112.24760584588844,113.12788835611522,100.68579447579448
3544,106.60,94.00337493559276,93.07624676684631,100.68579447579448
863,122.45,112.4758079184802,113.60651248619433,100.68579447579448
1765,107.24,104.31948327109346,106.72696835475529,100.68579447579448
4345,103.39,94.00068006915726,92.96550760191661,100.68579447579448
3392,100.50,94.00068006915726,92.83557121202446,100.68579447579448
4158,95.96,93.98163913611452,93.22221912144084,100.68579447579448
398,98.96,102.50539624859302,103.23089733888692,100.68579447579448
1107,88.20,94.10227002337878,95.09077202753276,100.68579447579448
5267,109.49,112.22047203833405,113.15180667232028,100.68579447579448
4229,107.11,112.77580394783038,111.4252857539683,100.68579447579448
24,128.76,94.04398852707057,95.89267536707571,100.68579447579448
6812,75.85,77.48295463256453,76.64621516610644,100.68579447579448
857,93.14,94.04861716591135,93.86636345031994,100.68579447579448
582,95.99,93.99113653259454,93.17120239110157,100.68579447579448
5941,110.54,112.28909437917427,112.72685813818242,100.68579447579448
2852,110.32,112.21898853608994,111.90938486175334,100.68579447579448
6245,93.83,94.00683748504775,92.95092240832953,100.68579447579448
1593,90.39,94.03299032079798,93.67109664712625,100.68579447579448
2528,87.05,94.13781363273907,94.11190457522056,100.68579447579448
7449,109.17,94.19048069539139,99.06054831891635,100.68579447579448
2946,91.35,94.01868804931782,93.49665779581153,100.68579447579448
3357,89.03,94.01719255935812,93.6166025403641,100.68579447579448
6272,95.43,94.17339804956356,94.71857666401903,100.68579447579448
6703,111.55,112.37583335579046,112.62530999821283,100.68579447579448
2051,89.65,78.3909958457411,78.22244012210017,100.68579447579448
8167,86.96,94.00707081251814,92.7718499926187,100.68579447579448
7431,100.33,104.03636430733698,102.87550520577905,100.68579447579448
401,108.28,112.25190257885738,110.84288424316786,100.68579447579448
877,111.74,106.22264516510327,106.74610285038013,100.68579447579448
4358,102.65,94.03299032079798,93.20251098546268,100.68579447579448
6285,110.65,113.46552262332467,116.16254677003559,100.68579447579448
67,128.19,112.49550510870324,113.68671094112095,100.68579447579448
7062,109.81,112.40590083134435,112.47604713086302,100.68579447579448
7318,89.12,94.4399807645352,94.2693761601629,100.68579447579448
6872,110.16,116.23795529599234,118.82641288796003,100.68579447579448
5696,97.91,94.05748192029738,93.15717819844136,100.68579447579448
2431,123.24,112.2654753854052,113.17805076847688,100.68579447579448
7585,109.11,112.3059441382978,112.15451525302606,100.68579447579448
4411,88.25,93.98532844881875,94.4844735816182,100.68579447579448
6410,92.36,94.02833211190689,95.1878517823881,100.68579447579448
4811,90.31,94.17185390962571,94.11721499385384,100.68579447579448
2424,93.29,94.03021922331982,93.90755443034854,100.68579447579448
8047,88.53,93.85339005898635,91.22243443377037,100.68579447579448
5211,102.09,107.49941461302619,111.65276095051095,100.68579447579448
4362,90.04,94.00609836113145,94.3400794566494,100.68579447579448
2193,89.74,94.18372785573985,94.39197607384331,100.68579447579448
447,106.87,103.09630936756184,102.70918462847423,100.68579447579448
1721,104.20,103.3314789105228,106.6727077808223,100.68579447579448
4798,112.43,112.45864910560063,111.8780227219092,100.68579447579448
1121,75.86,77.66827463914727,77.86126577635002,100.68579447579448
2406,100.75,94.7707657906913,95.40688984042534,100.68579447579448
7447,91.65,93.9825483423024,92.65818135770029,100.68579447579448
3628,111.22,105.59678730617264,108.60087493434101,100.68579447579448
5657,99.55,102.98493451545176,105.11380816286919,100.68579447579448
6436,103.63,94.00100528557206,92.96338019553617,100.68579447579448
2155,105.65,112.80261206515303,112.70020098901097,100.68579447579448
170,93.12,94.08129965100802,93.39681454861977,100.68579447579448
513,107.90,112.30928820009368,112.24535476872502,100.68579447579448
588,87.25,94.10903791670954,93.73856778412735,100.68579447579448
4740,100.58,94.4581395612703,96.99438005054859,100.68579447579448
5179,95.58,94.1823896395951,95.99568071705835,100.68579447579448
8010,107.44,112.29394776274016,112.21157196650687,100.68579447579448
1921,88.71,94.76497925454548,95.67516690274158,100.68579447579448
2243,91.38,94.09130842548923,94.58127857067691,100.68579447579448
2993,93.00,94.0887313921031,93.71248441401045,100.68579447579448
7748,104.18,103.43108115846326,102.64242025765012,100.68579447579448
6907,106.72,112.87316104120555,110.66547754477143,100.68579447579448
2324,89.70,93.97823693179808,92.08859273561255,100.68579447579448
6732,110.43,94.00847153688214,94.09625147925928,100.68579447579448
5963,97.36,94.034057301226,99.18553570297485,100.68579447579448
5300,88.12,94.03066370000467,95.13847619908238,100.68579447579448
742,87.90,93.99680162265018,93.27318891717113,100.68579447579448
1385,91.61,100.21933935456985,98.42580715992992,100.68579447579448
6230,98.38,103.11768687498999,101.73950440657681,100.68579447579448
5377,103.42,94.01116349031334,95.11433352836464,100.68579447579448
2136,90.70,94.29199289543344,93.45163705988416,100.68579447579448
4990,106.78,112.22661298131239,111.3877443790404,100.68579447579448
876,89.52,94.05212115858022,93.91195749219816,100.68579447579448
5473,153.51,112.52538013629405,116.26301901419517,100.68579447579448
7139,93.25,93.93044028355723,91.68120915139703,100.68579447579448
6522,102.91,103.79367202922163,104.9853474538731,100.68579447579448
2939,89.67,93.98835272864824,92.42530705939654,100.68579447579448
4006,114.29,112.24326476258909,110.99566749038793,100.68579447579448
1270,103.88,104.72452357093408,108.32624321992436,100.68579447579448
6517,90.69,93.99459478995013,92.7407914554878,100.68579447579448
3064,103.45,94.01199846096019,93.56316170110233,100.68579447579448
3560,78.95,77.03953872981224,77.98072826327576,100.68579447579448
1449,94.36,94.00879873036676,93.03007455807483,100.68579447579448
7736,90.42,93.93778411652796,94.30008164881403,100.68579447579448
4801,74.87,78.6592522903697,81.37325730737156,100.68579447579448
804,94.51,94.08452725154136,94.450661238468,100.68579447579448
5390,130.60,94.01025986239566,93.09830050477137,100.68579447579448
7395,86.66,94.0095795800476,93.4421754523556,100.68579447579448
2346,110.03,112.25915575056679,111.6785094873222,100.68579447579448
5064,85.13,94.22853914922277,97.56929600677054,100.68579447579448
8336,118.81,112.41934803167115,112.80630943066427,100.68579447579448
5539,125.38,112.33245598968821,113.19603295057873,100.68579447579448
2057,85.48,94.60833424344702,94.58830774149226,100.68579447579448
6527,96.79,103.24860868675532,105.58849596901968,100.68579447579448
1280,113.68,112.49963011003318,113.65156059681775,100.68579447579448
7972,88.85,93.98154810213329,93.33244841094036,100.68579447579448
1810,89.60,94.31606459112086,93.64545463052161,100.68579447579448
7206,89.23,94.02833211190689,95.57524520783036,100.68579447579448
3922,109.49,112.19957269156362,110.41771118314934,100.68579447579448
